config_id,epoch,train_loss,val_loss,test_loss,train_mse,train_msa,train_explained_variance,train_r2,val_mse,val_msa,val_explained_variance,val_r2,test_mse,test_msa,test_explained_variance,test_r2
etnn,1,5705805.5,95322.203125,0.,5838984.5,1461.07373046875,-172731.8125,-192751.63378121355,95322.2109375,308.6044921875,-1.8334717750549316,-3158.943083091766,0.,0.,0.,0.
etnn,2,202283.140625,80867.3984375,0.,203523.796875,411.9217834472656,-6710.55419921875,-6717.591916341083,80867.3984375,284.2445373535156,-1.4015161991119385,-2679.764278176121,0.,0.,0.,0.
etnn,3,41767.59765625,22091.2421875,0.,42436.88671875,196.8977508544922,-1280.8463134765625,-1399.898057530258,22091.2421875,148.35595703125,-1.7101140022277832,-731.3274099694006,0.,0.,0.,0.
etnn,4,9517.7705078125,8919.375,0.,9732.095703125,92.6462173461914,-320.2335205078125,-320.2694390135838,8919.3759765625,94.12681579589844,-0.9731113910675049,-294.6784018594726,0.,0.,0.,0.
etnn,5,3544.515380859375,3177.8505859375,0.,3623.024169921875,54.20278549194336,-118.12646484375,-118.60085394888945,3177.85107421875,55.947696685791016,-0.5814734697341919,-104.34614882300926,0.,0.,0.,0.
etnn,6,1588.1019287109375,1669.0003662109375,0.,1623.616455078125,36.37269973754883,-52.597442626953125,-52.597737371750235,1669.0003662109375,40.31573486328125,-0.4467315673828125,-54.32756812587344,0.,0.,0.,0.
etnn,7,827.0770263671875,558.2879028320312,0.,840.8805541992188,26.066402435302734,-26.722705841064453,-26.758587925735977,558.2879028320312,22.770641326904297,-0.3195561170578003,-17.50731309677907,0.,0.,0.,0.
etnn,8,441.9181823730469,35.86102294921875,0.,440.2903137207031,18.83237075805664,-13.496760368347168,-13.534569262359375,35.861019134521484,4.74899435043335,-0.18690621852874756,-0.18879734860214104,0.,0.,0.,0.
etnn,9,188.54270935058594,218.8691864013672,0.,189.74526977539062,11.669200897216797,-5.2625651359558105,-5.26374366683226,218.8691864013672,13.609331130981445,-0.12249290943145752,-6.255540393173217,0.,0.,0.,0.
etnn,10,119.5167465209961,37.20927047729492,0.,119.27155303955078,9.190260887145996,-2.854734420776367,-2.937312778520521,37.20927047729492,4.872122764587402,-0.1914001703262329,-0.23349190590092128,0.,0.,0.,0.
etnn,11,67.90815734863281,38.435237884521484,0.,68.38745880126953,6.761511325836182,-1.2522156238555908,-1.2575609779119934,38.435237884521484,4.9732279777526855,-0.19361484050750732,-0.27413288050651374,0.,0.,0.,0.
etnn,12,49.33774185180664,37.26373291015625,0.,49.54698944091797,5.6467766761779785,-0.6350175142288208,-0.6356121240809263,37.26373291015625,4.806946277618408,-0.17893457412719727,-0.2352973174032469,0.,0.,0.,0.
etnn,13,42.16132354736328,36.087791442871094,0.,42.18329620361328,5.190380573272705,-0.39250898361206055,-0.3925267620478483,36.087791442871094,4.743127822875977,-0.18217015266418457,-0.19631470600797707,0.,0.,0.,0.
etnn,14,42.171512603759766,50.64794921875,0.,41.96721267700195,5.172953128814697,-0.37921226024627686,-0.38539368395752227,50.64794921875,5.822536468505859,-0.20524382591247559,-0.6789857237047281,0.,0.,0.,0.
etnn,15,43.24066162109375,35.836673736572266,0.,43.292362213134766,5.276174068450928,-0.42775070667266846,-0.42913852764067073,35.83667755126953,4.745558261871338,-0.18649697303771973,-0.18799019643880976,0.,0.,0.,0.
etnn,16,38.007408142089844,37.00232696533203,0.,38.057159423828125,4.9437479972839355,-0.25624823570251465,-0.25631744821756786,37.00232696533203,4.792685031890869,-0.17930424213409424,-0.22663174587216495,0.,0.,0.,0.
etnn,17,39.58124542236328,55.992244720458984,0.,39.4267578125,5.026970386505127,-0.3014984130859375,-0.3015297660942833,55.99224090576172,5.949743270874023,-0.16264450550079346,-0.8561497490384742,0.,0.,0.,0.
etnn,18,79.60091400146484,116.86279296875,0.,78.96598815917969,7.330906391143799,-1.5858261585235596,-1.6067724735182174,116.86279296875,9.419835090637207,-0.23357748985290527,-2.87401599986766,0.,0.,0.,0.
etnn,19,429.1130676269531,1729.8958740234375,0.,413.2735290527344,17.896833419799805,-12.450801849365234,-12.64271018189956,1729.8958740234375,41.216087341308594,-0.031964659690856934,-56.34625967331547,0.,0.,0.,0.
etnn,20,6800.7392578125,6268.177734375,0.,6698.52001953125,77.84060668945312,-218.2662353515625,-220.12705213618267,6268.1787109375,78.82823181152344,-0.7996721267700195,-206.79087687550563,0.,0.,0.,0.
etnn,21,2331.607177734375,2261.40869140625,0.,2378.8369140625,43.2238655090332,-74.53837585449219,-77.5285708916202,2261.408935546875,47.22953796386719,-0.02034735679626465,-73.96598229153312,0.,0.,0.,0.
etnn,22,1015.5825805664062,1015.8805541992188,0.,1032.35498046875,28.47298240661621,-32.283443450927734,-33.07941164884548,1015.8804931640625,31.212526321411133,-0.3809962272644043,-32.67656585518076,0.,0.,0.,0.
etnn,23,434.95330810546875,120.19397735595703,0.,433.32965087890625,18.578413009643555,-12.96495532989502,-13.304786968099501,120.19397735595703,9.454419136047363,-0.1439056396484375,-2.984445394275728,0.,0.,0.,0.
etnn,24,183.5069122314453,198.0786590576172,0.,186.96762084960938,11.633758544921875,-5.143193244934082,-5.172050183080238,198.0786590576172,12.823519706726074,-0.12837815284729004,-5.566332704748537,0.,0.,0.,0.
etnn,25,124.81574249267578,67.6239013671875,0.,124.54592895507812,9.457647323608398,-3.0592355728149414,-3.111426885034631,67.62389373779297,6.866528511047363,-0.21858656406402588,-1.2417405817966363,0.,0.,0.,0.
etnn,26,69.72042083740234,58.80283737182617,0.,70.29594421386719,6.85534143447876,-1.311563491821289,-1.3205625443538778,58.80283737182617,6.335817813873291,-0.21397387981414795,-0.9493213972329901,0.,0.,0.,0.
etnn,27,56.690460205078125,56.4321174621582,0.,56.9448356628418,6.081985950469971,-0.8762792348861694,-0.8798247395697902,56.43212127685547,5.975557327270508,-0.16588127613067627,-0.8707317712463787,0.,0.,0.,0.
etnn,28,46.80023193359375,41.49346923828125,0.,46.576637268066406,5.453036785125732,-0.5226525068283081,-0.5375567528876632,41.49346923828125,5.201306343078613,-0.20070886611938477,-0.3755136030130335,0.,0.,0.,0.
etnn,29,42.291385650634766,35.877010345458984,0.,42.25202178955078,5.198317050933838,-0.3922402858734131,-0.39479543710893883,35.87701416015625,4.737396717071533,-0.18739664554595947,-0.18932738009149386,0.,0.,0.,0.
etnn,30,38.19552993774414,36.50996398925781,0.,38.25807571411133,4.944625377655029,-0.2619335651397705,-0.26295002430696934,36.50996398925781,4.767232418060303,-0.18391025066375732,-0.21030985598851304,0.,0.,0.,0.
etnn,31,37.41038131713867,35.842899322509766,0.,37.46118927001953,4.889781475067139,-0.23634302616119385,-0.23664370270777058,35.842899322509766,4.737172603607178,-0.18746089935302734,-0.1881965635316556,0.,0.,0.,0.
etnn,32,38.28519058227539,40.31964874267578,0.,38.175514221191406,4.9577741622924805,-0.2599968910217285,-0.2602245129040144,40.31965255737305,4.9893927574157715,-0.17692112922668457,-0.33660139614680906,0.,0.,0.,0.
etnn,33,38.435794830322266,36.19308853149414,0.,38.453365325927734,4.973368167877197,-0.26612722873687744,-0.2693966442814688,36.19308853149414,4.781610012054443,-0.19058072566986084,-0.19980534454220256,0.,0.,0.,0.
etnn,34,38.861759185791016,38.65708541870117,0.,38.93461608886719,5.012186527252197,-0.28509950637817383,-0.28528346527360715,38.65708923339844,4.888559818267822,-0.1788851022720337,-0.2814871942990882,0.,0.,0.,0.
etnn,35,44.95249557495117,36.51881790161133,0.,44.883018493652344,5.3755269050598145,-0.4814634323120117,-0.4816481868113218,36.51881790161133,4.7673726081848145,-0.1833401918411255,-0.2106033250850814,0.,0.,0.,0.
etnn,36,43.515342712402344,46.42066192626953,0.,43.36671447753906,5.272083759307861,-0.4242440462112427,-0.43159303171249275,46.420658111572266,5.542013645172119,-0.2055816650390625,-0.5388506033904197,0.,0.,0.,0.
etnn,37,43.102115631103516,36.78268814086914,0.,43.221038818359375,5.257639408111572,-0.4249461889266968,-0.42678402983930264,36.78268814086914,4.781585216522217,-0.18353617191314697,-0.2193506782219674,0.,0.,0.,0.
etnn,38,38.362613677978516,36.69603729248047,0.,38.355125427246094,4.9630937576293945,-0.2654637098312378,-0.2661536856817781,36.69603729248047,4.825993537902832,-0.19319534301757812,-0.21647820640785698,0.,0.,0.,0.
etnn,39,37.87548828125,36.12553787231445,0.,37.8947639465332,4.929539203643799,-0.25095510482788086,-0.25095659445320373,36.12553787231445,4.745718479156494,-0.1857203245162964,-0.1975659071091309,0.,0.,0.,0.
etnn,40,37.8706169128418,39.85257339477539,0.,37.77016067504883,4.902040004730225,-0.2451159954071045,-0.24684324208615815,39.852577209472656,5.080636501312256,-0.19884049892425537,-0.3211177861528036,0.,0.,0.,0.
etnn,41,41.8574333190918,46.58144760131836,0.,41.617454528808594,5.151035785675049,-0.3734622001647949,-0.37384749528525574,46.58144760131836,5.552716255187988,-0.2056945562362671,-0.5441805732068952,0.,0.,0.,0.
etnn,42,41.86908721923828,36.62641525268555,0.,41.860816955566406,5.21167516708374,-0.3815183639526367,-0.3818812821811921,36.62641525268555,4.819978713989258,-0.19299447536468506,-0.21417017109974323,0.,0.,0.,0.
etnn,43,85.24198913574219,93.89814758300781,0.,84.50833892822266,7.5654497146606445,-1.7852096557617188,-1.7897327041749258,93.89814758300781,8.299487113952637,-0.2296750545501709,-2.1127350800242404,0.,0.,0.,0.
etnn,44,61.09424591064453,68.82575225830078,0.,60.85325622558594,6.283060073852539,-1.0068507194519043,-1.008846869719604,68.82575225830078,6.938187599182129,-0.21914637088775635,-1.2815821221158563,0.,0.,0.,0.
etnn,45,55.28810501098633,40.04541778564453,0.,55.52298355102539,6.010582447052002,-0.8253462314605713,-0.8328874013573515,40.04541778564453,4.971414566040039,-0.17799389362335205,-0.32751051343746185,0.,0.,0.,0.
etnn,46,38.354774475097656,35.89951705932617,0.,38.41838836669922,4.9458160400390625,-0.26559698581695557,-0.2682422263674875,35.89951705932617,4.745738506317139,-0.18949198722839355,-0.19007344018816963,0.,0.,0.,0.
etnn,47,37.440101623535156,38.02145767211914,0.,37.469329833984375,4.903293132781982,-0.23690080642700195,-0.2369124468921504,38.02145767211914,4.85009765625,-0.18084073066711426,-0.26041603401785696,0.,0.,0.,0.
etnn,48,110.42387390136719,392.29949951171875,0.,106.65274810791016,8.357392311096191,-2.4865005016326904,-2.5207495027747955,392.29949951171875,18.800893783569336,-0.29781079292297363,-12.004776579730256,0.,0.,0.,0.
etnn,49,2232.744873046875,7293.59130859375,0.,2151.79541015625,42.06980514526367,-69.13562774658203,-70.0336266504482,7293.5908203125,85.22669219970703,0.005437493324279785,-240.78344106285618,0.,0.,0.,0.
etnn,50,4030.052490234375,2103.56005859375,0.,4068.455322265625,57.3299446105957,-132.95614624023438,-133.3051231166096,2103.559814453125,45.52646255493164,-0.02437150478363037,-68.73326954760789,0.,0.,0.,0.
etnn,51,890.1773681640625,383.6604919433594,0.,886.3322143554688,26.720468521118164,-27.12761688232422,-28.25900476608008,383.6604919433594,18.57098960876465,-0.29773247241973877,-11.718392691704116,0.,0.,0.,0.
etnn,52,319.6923522949219,242.51242065429688,0.,325.7012023925781,15.96262264251709,-9.65859317779541,-9.751829852839696,242.51239013671875,14.365615844726562,-0.27160370349884033,-7.039316282780282,0.,0.,0.,0.
etnn,53,175.3372344970703,42.73210144042969,0.,173.9716033935547,11.366957664489746,-4.712766647338867,-4.743034655347455,42.73210144042969,5.137679100036621,-0.1774003505706787,-0.41657447802612024,0.,0.,0.,0.
etnn,54,97.31346130371094,91.51516723632812,0.,96.78596496582031,8.124998092651367,-2.1928699016571045,-2.1950335536553602,91.51516723632812,7.9876275062561035,-0.15386319160461426,-2.033738899510413,0.,0.,0.,0.
etnn,55,69.046630859375,73.64855194091797,0.,69.6086196899414,6.73574686050415,-1.2885820865631104,-1.297873042999631,73.64855194091797,6.988524913787842,-0.15999042987823486,-1.4414584851892123,0.,0.,0.,0.
etnn,56,52.50811004638672,66.93377685546875,0.,52.89095687866211,5.819185256958008,-0.7427318096160889,-0.7460008077535654,66.93378448486328,6.598412990570068,-0.16270339488983154,-1.2188633352449405,0.,0.,0.,0.
etnn,57,48.171302795410156,36.04842758178711,0.,48.193119049072266,5.585415840148926,-0.5847409963607788,-0.5909189961053483,36.04842758178711,4.744677543640137,-0.18850815296173096,-0.19500981941576212,0.,0.,0.,0.
etnn,58,40.00663375854492,36.112003326416016,0.,40.0982551574707,5.057365894317627,-0.3236478567123413,-0.3236967470400154,36.112003326416016,4.770175933837891,-0.19256329536437988,-0.19711740569486058,0.,0.,0.,0.
etnn,59,37.684505462646484,37.8379020690918,0.,37.70163345336914,4.911609172821045,-0.24437952041625977,-0.2445809817316471,37.83790588378906,4.841174125671387,-0.18308234214782715,-0.2543312486787732,0.,0.,0.,0.
etnn,60,37.963924407958984,35.93720626831055,0.,37.955020904541016,4.931336879730225,-0.25188279151916504,-0.2529456890873534,35.93721008300781,4.748778820037842,-0.19104909896850586,-0.19132295094055563,0.,0.,0.,0.
etnn,61,37.50749969482422,36.41270446777344,0.,37.54417037963867,4.908504962921143,-0.2390516996383667,-0.23938304013065204,36.41270065307617,4.7997331619262695,-0.19383931159973145,-0.20708553731018964,0.,0.,0.,0.
etnn,62,37.996726989746094,37.383209228515625,0.,37.874237060546875,4.937014102935791,-0.2499486207962036,-0.250278983715845,37.383209228515625,4.815382957458496,-0.1838836669921875,-0.23925797908781066,0.,0.,0.,0.
etnn,63,37.37369918823242,36.73776626586914,0.,37.392887115478516,4.8913469314575195,-0.2329425811767578,-0.23438892438132175,36.73776626586914,4.779943943023682,-0.18540704250335693,-0.21786145323449535,0.,0.,0.,0.
etnn,64,40.175411224365234,41.21534729003906,0.,40.24574279785156,5.074962139129639,-0.32681143283843994,-0.32856555380320174,41.21534729003906,5.180501937866211,-0.20218658447265625,-0.3662939076533389,0.,0.,0.,0.
etnn,65,39.97115707397461,39.316917419433594,0.,39.95993423461914,5.066300392150879,-0.31791865825653076,-0.319130629611192,39.316917419433594,4.928564548492432,-0.18061578273773193,-0.30336063251615,0.,0.,0.,0.
etnn,66,42.06268310546875,38.11412811279297,0.,42.19404602050781,5.19312047958374,-0.3912883996963501,-0.3928814790008055,38.11412811279297,4.856588363647461,-0.18242943286895752,-0.26348808180829386,0.,0.,0.,0.
etnn,67,38.089752197265625,37.895042419433594,0.,38.11027145385742,4.934425354003906,-0.25804924964904785,-0.25807079884063944,37.89504623413086,4.843926906585693,-0.18278753757476807,-0.2562254142350482,0.,0.,0.,0.
etnn,68,38.41920852661133,36.73115921020508,0.,38.3787956237793,4.954835414886475,-0.2642463445663452,-0.26693499697180956,36.731163024902344,4.827741622924805,-0.19474458694458008,-0.2176425725455149,0.,0.,0.,0.
etnn,69,37.80584716796875,38.0050048828125,0.,37.838722229003906,4.925169467926025,-0.24908244609832764,-0.24910662171529885,38.0050048828125,4.935086727142334,-0.19756758213043213,-0.2598705734397402,0.,0.,0.,0.
etnn,70,38.5370979309082,37.048988342285156,0.,38.57377243041992,4.977638244628906,-0.27330589294433594,-0.2733715302668196,37.048988342285156,4.796812057495117,-0.18446409702301025,-0.22817852558007412,0.,0.,0.,0.
etnn,71,38.314510345458984,39.15432357788086,0.,38.353126525878906,4.951653957366943,-0.26375770568847656,-0.26608779428614104,39.15432357788086,5.02638578414917,-0.19941234588623047,-0.2979706502266857,0.,0.,0.,0.
etnn,72,38.902713775634766,35.93198776245117,0.,38.92163848876953,4.995290756225586,-0.28474533557891846,-0.284855087891865,35.93198776245117,4.746876239776611,-0.19083845615386963,-0.19114976640063075,0.,0.,0.,0.
etnn,73,37.95662307739258,40.974124908447266,0.,37.89289474487305,4.9308929443359375,-0.2508941888809204,-0.2508947594339206,40.974124908447266,5.028162956237793,-0.17839431762695312,-0.3582973369543727,0.,0.,0.,0.
etnn,74,39.496063232421875,39.29071807861328,0.,39.50241470336914,5.015458583831787,-0.2991783618927002,-0.30402728968449466,39.29071807861328,5.036853790283203,-0.19955265522003174,-0.3024921941804668,0.,0.,0.,0.
etnn,75,39.185237884521484,41.17315673828125,0.,39.22532272338867,5.02012300491333,-0.2930302619934082,-0.2948800238091678,41.17315673828125,5.039782524108887,-0.17812836170196533,-0.3648951987064746,0.,0.,0.,0.
etnn,76,38.7252197265625,36.24407958984375,0.,38.678245544433594,4.9569549560546875,-0.2734336853027344,-0.2768204203710878,36.24407958984375,4.781259059906006,-0.19290566444396973,-0.2014957582906416,0.,0.,0.,0.
etnn,77,37.9560432434082,36.04833984375,0.,38.048641204833984,4.946335792541504,-0.256026029586792,-0.25603622758370626,36.04833984375,4.74255895614624,-0.1878262758255005,-0.19500687014363938,0.,0.,0.,0.
etnn,78,38.62519454956055,40.50263595581055,0.,38.48823165893555,4.953312397003174,-0.2680938243865967,-0.2705478031666797,40.50263977050781,5.128231048583984,-0.2011173963546753,-0.34266744737162935,0.,0.,0.,0.
etnn,79,47.787899017333984,46.315364837646484,0.,47.470726013183594,5.507796764373779,-0.5619885921478271,-0.5670719021806296,46.315364837646484,5.3531880378723145,-0.17339861392974854,-0.5353600668355525,0.,0.,0.,0.
etnn,80,48.73965835571289,45.10234451293945,0.,48.794315338134766,5.585646152496338,-0.5966731309890747,-0.6107653187084243,45.10234451293945,5.452122688293457,-0.20587384700775146,-0.49514818915596526,0.,0.,0.,0.
etnn,81,41.554412841796875,39.358482360839844,0.,41.65523147583008,5.1413798332214355,-0.37255167961120605,-0.37509463581542923,39.358482360839844,4.929058074951172,-0.18026268482208252,-0.3047385425303648,0.,0.,0.,0.
etnn,82,40.92789840698242,36.113807678222656,0.,41.0205078125,5.097679615020752,-0.35279881954193115,-0.3541414718633067,36.113807678222656,4.767298221588135,-0.19223713874816895,-0.19717713371828216,0.,0.,0.,0.
etnn,83,38.14403533935547,37.061058044433594,0.,38.153018951416016,4.945487022399902,-0.2583051919937134,-0.25948182257242736,37.06106185913086,4.855896472930908,-0.1954655647277832,-0.22857874336518558,0.,0.,0.,0.
etnn,84,38.43830490112305,43.23789978027344,0.,38.30158996582031,4.9568400382995605,-0.2638205289840698,-0.2643863910758637,43.23789978027344,5.323231220245361,-0.2041482925415039,-0.43334180336736283,0.,0.,0.,0.
etnn,85,38.80772018432617,36.01630783081055,0.,38.8248405456543,5.001308917999268,-0.28093719482421875,-0.28165964783095965,36.01630783081055,4.740884780883789,-0.18804609775543213,-0.19394507228989744,0.,0.,0.,0.
etnn,86,37.59040069580078,41.53386306762695,0.,37.58075714111328,4.9082722663879395,-0.24058961868286133,-0.24059090874568434,41.53386306762695,5.05999231338501,-0.1777125597000122,-0.37685276883505203,0.,0.,0.,0.
etnn,87,41.156349182128906,39.25961685180664,0.,41.24032974243164,5.123539447784424,-0.3581610918045044,-0.3613982932542694,39.259620666503906,5.033716201782227,-0.19950246810913086,-0.301461152817426,0.,0.,0.,0.
etnn,88,40.2269172668457,36.364776611328125,0.,40.23781204223633,5.078391075134277,-0.3283034563064575,-0.32830380974306905,36.36478042602539,4.792390823364258,-0.19343268871307373,-0.20549688861792936,0.,0.,0.,0.
etnn,89,46.425621032714844,47.44482421875,0.,46.35310363769531,5.448303699493408,-0.5272818803787231,-0.5301776694902354,47.44482421875,5.610832214355469,-0.2078995704650879,-0.5728018103022983,0.,0.,0.,0.
etnn,90,42.58108901977539,36.16018295288086,0.,42.61686706542969,5.232433795928955,-0.4054166078567505,-0.40683948845779727,36.160186767578125,4.747540473937988,-0.18718528747558594,-0.19871460170981003,0.,0.,0.,0.
etnn,91,43.94707107543945,52.44032287597656,0.,43.646507263183594,5.292007923126221,-0.4395153522491455,-0.4408293067625755,52.44032287597656,5.731739521026611,-0.169242262840271,-0.738403172708574,0.,0.,0.,0.
etnn,92,40.714149475097656,36.25326919555664,0.,40.874061584472656,5.111117839813232,-0.34223830699920654,-0.34930728324623983,36.25326919555664,4.781364917755127,-0.1929081678390503,-0.2018004025660205,0.,0.,0.,0.
etnn,93,38.44290542602539,36.9591064453125,0.,38.46538543701172,4.960412979125977,-0.26952552795410156,-0.26979343560677016,36.959102630615234,4.847069263458252,-0.1951838731765747,-0.2251989364989424,0.,0.,0.,0.
etnn,94,46.580322265625,36.221214294433594,0.,46.546661376953125,5.454040050506592,-0.5361319780349731,-0.5365671374350558,36.221214294433594,4.778030872344971,-0.19276881217956543,-0.20073774485656326,0.,0.,0.,0.
etnn,95,44.39409637451172,64.99659729003906,0.,44.408016204833984,5.33170747756958,-0.46248066425323486,-0.46596768320169746,64.99659729003906,6.484854698181152,-0.1627492904663086,-1.1546452549564865,0.,0.,0.,0.
etnn,96,47.351097106933594,36.085227966308594,0.,47.50691604614258,5.480746269226074,-0.5632202625274658,-0.568266363795735,36.08522415161133,4.763774871826172,-0.1920478343963623,-0.1962296795139178,0.,0.,0.,0.
etnn,97,60.26818084716797,55.736148834228516,0.,60.69898223876953,6.294266700744629,-0.9995689392089844,-1.0037543401477182,55.73615646362305,6.146537780761719,-0.21360445022583008,-0.8476603177963766,0.,0.,0.,0.
etnn,98,56.14142608642578,38.96582794189453,0.,56.509578704833984,6.072944164276123,-0.8651963472366333,-0.865456460806157,38.9658317565918,5.010772705078125,-0.19900071620941162,-0.29172208562486834,0.,0.,0.,0.
etnn,99,39.59349822998047,46.00935745239258,0.,39.529964447021484,5.044345855712891,-0.3042646646499634,-0.3049367101616942,46.00935363769531,5.513696670532227,-0.20666682720184326,-0.5252159067063278,0.,0.,0.,0.
etnn,100,43.403472900390625,36.1564826965332,0.,43.566650390625,5.274377346038818,-0.43749213218688965,-0.4381930680069541,36.1564826965332,4.747017860412598,-0.187172532081604,-0.19859182818401,0.,0.,0.,0.
etnn,101,44.939170837402344,38.666839599609375,0.,45.10499954223633,5.3735480308532715,-0.4889713525772095,-0.4889761716601668,38.66684341430664,4.887595176696777,-0.18125927448272705,-0.28181058523557745,0.,0.,0.,0.
etnn,102,46.44123077392578,36.35190963745117,0.,46.63715362548828,5.466120719909668,-0.5388908386230469,-0.5395544397846677,36.35190963745117,4.790656566619873,-0.19334304332733154,-0.20507037504571324,0.,0.,0.,0.
etnn,103,40.749691009521484,39.59537124633789,0.,40.68701934814453,5.113344669342041,-0.34249889850616455,-0.34313247714245687,39.59537124633789,5.05916690826416,-0.19995427131652832,-0.3125913888134899,0.,0.,0.,0.
etnn,104,85.27436065673828,139.41932678222656,0.,83.52212524414062,7.398293495178223,-1.7511017322540283,-1.7571766378428633,139.41934204101562,10.437856674194336,-0.2461998462677002,-3.6217682445828725,0.,0.,0.,0.
etnn,105,74.9636001586914,93.5660400390625,0.,74.6142578125,7.037562370300293,-1.459533929824829,-1.4631158042851289,93.56603240966797,8.284342765808105,-0.23117804527282715,-2.1017256569560665,0.,0.,0.,0.
etnn,106,52.22576904296875,49.92469787597656,0.,52.39204788208008,5.806644916534424,-0.7265520095825195,-0.7295313132374674,49.92469787597656,5.7732648849487305,-0.20970916748046875,-0.6550098822852808,0.,0.,0.,0.
etnn,107,54.637725830078125,50.034217834472656,0.,55.02524948120117,5.948819160461426,-0.81645667552948,-0.8164567902972044,50.034217834472656,5.780129432678223,-0.21002614498138428,-0.6586404388741285,0.,0.,0.,0.
etnn,108,98.44185638427734,91.63506317138672,0.,98.19371795654297,8.360189437866211,-2.2343404293060303,-2.2415053345007463,91.63506317138672,7.993983745574951,-0.15311682224273682,-2.0377137982581326,0.,0.,0.,0.
etnn,109,57.790279388427734,72.86250305175781,0.,57.510704040527344,6.124149322509766,-0.8940117359161377,-0.8985049952449351,72.86250305175781,6.943779468536377,-0.1596912145614624,-1.4154011180011201,0.,0.,0.,0.
etnn,110,92.60943603515625,69.69966888427734,0.,92.65510559082031,8.095623016357422,-2.0355122089385986,-2.058668480173404,69.69966888427734,6.990781784057617,-0.22138798236846924,-1.3105526363788087,0.,0.,0.,0.
etnn,111,53.52169418334961,85.9413070678711,0.,52.94602966308594,5.803938388824463,-0.7477381229400635,-0.7478189697780373,85.9413070678711,7.888057708740234,-0.22849023342132568,-1.8489649044855248,0.,0.,0.,0.
etnn,112,55.89812088012695,70.70917510986328,0.,55.8384895324707,6.0170087814331055,-0.8426213264465332,-0.843302964135537,70.70917510986328,7.048849105834961,-0.22187495231628418,-1.3440178508737137,0.,0.,0.,0.
etnn,113,114.7575912475586,111.54524993896484,0.,113.83551025390625,9.086465835571289,-2.7379634380340576,-2.757861611604978,111.54524993896484,9.028023719787598,-0.14741754531860352,-2.6977385881913474,0.,0.,0.,0.
etnn,114,58.68187713623047,63.12501907348633,0.,58.8192138671875,6.146615505218506,-0.9310240745544434,-0.9417004935688238,63.12501907348633,6.375,-0.16384994983673096,-1.092602286694015,0.,0.,0.,0.
etnn,115,96.28604888916016,129.61109924316406,0.,95.39857482910156,8.1719331741333,-2.120850086212158,-2.14923375726497,129.61109924316406,10.003746032714844,-0.24347913265228271,-3.296623871399775,0.,0.,0.,0.
etnn,116,90.7970962524414,39.526798248291016,0.,92.06694793701172,7.943312644958496,-2.0287129878997803,-2.039252399719009,39.526798248291016,5.054269790649414,-0.20007574558258057,-0.3103181616865385,0.,0.,0.,0.
etnn,117,57.95953369140625,42.93870162963867,0.,58.202396392822266,6.164189338684082,-0.920982837677002,-0.9213385537872647,42.93870162963867,5.1478753089904785,-0.17654025554656982,-0.42342327408665614,0.,0.,0.,0.
etnn,118,97.88684844970703,287.5187072753906,0.,94.69767761230469,7.829362869262695,-2.1191277503967285,-2.126096326470175,287.5186767578125,15.933890342712402,-0.1161719560623169,-8.53128058001544,0.,0.,0.,0.
etnn,119,293.19696044921875,387.01092529296875,0.,292.2506408691406,15.978340148925781,-8.496864318847656,-8.64758280686939,387.01092529296875,18.659393310546875,-0.299288272857666,-11.829459068488314,0.,0.,0.,0.
etnn,120,261.6820983886719,44.51948547363281,0.,266.20001220703125,14.599151611328125,-7.723026275634766,-7.787616137511204,44.51948547363281,5.244132041931152,-0.17492616176605225,-0.47582641303628637,0.,0.,0.,0.
etnn,121,40.353759765625,54.53043746948242,0.,40.275516510009766,5.065330505371094,-0.3175090551376343,-0.3295483726090802,54.53043746948242,6.0681681632995605,-0.21294212341308594,-0.807690800961256,0.,0.,0.,0.
etnn,122,46.75001907348633,46.82967758178711,0.,46.87282180786133,5.495753288269043,-0.5437920093536377,-0.5473342361301758,46.82967758178711,5.385829925537109,-0.17318260669708252,-0.5524095938590499,0.,0.,0.,0.
etnn,123,48.45464324951172,37.8841667175293,0.,48.68868637084961,5.604374885559082,-0.6055738925933838,-0.6072784406589569,37.88417053222656,4.842556476593018,-0.18274211883544922,-0.2558648611983294,0.,0.,0.,0.
etnn,124,63.24718475341797,70.07475280761719,0.,62.969268798828125,6.4276533126831055,-1.0723016262054443,-1.0786993620481868,70.07476043701172,7.011453151702881,-0.22144651412963867,-1.3229869214767884,0.,0.,0.,0.
etnn,125,48.25125503540039,36.999847412109375,0.,48.42803192138672,5.596158027648926,-0.5958775281906128,-0.5986737986614923,36.999847412109375,4.849862575531006,-0.195365309715271,-0.22654955352649853,0.,0.,0.,0.
etnn,126,38.703941345214844,65.21444702148438,0.,38.558963775634766,4.955114841461182,-0.2710055112838745,-0.27288265254287114,65.21444702148438,6.726657390594482,-0.2188338041305542,-1.161867137375281,0.,0.,0.,0.
etnn,127,102.56401824951172,44.68686294555664,0.,103.54036712646484,8.602532386779785,-2.4132797718048096,-2.4180053261113343,44.68686294555664,5.25401496887207,-0.17470097541809082,-0.4813750540793589,0.,0.,0.,0.
etnn,128,57.09884262084961,69.4477767944336,0.,56.62141799926758,6.03078556060791,-0.8690344095230103,-0.8691484659414805,69.4477767944336,6.745576858520508,-0.1608903408050537,-1.3022023692561961,0.,0.,0.,0.
etnn,129,54.89925765991211,136.73268127441406,0.,54.123748779296875,5.913785934448242,-0.7864680290222168,-0.78669707367235,136.732666015625,10.233575820922852,-0.14112532138824463,-3.5327050580534607,0.,0.,0.,0.
etnn,130,147.00596618652344,42.248313903808594,0.,149.01979064941406,10.596922874450684,-3.894268035888672,-3.9193415530481497,42.248313903808594,5.25328254699707,-0.20340657234191895,-0.4005368540856342,0.,0.,0.,0.
etnn,131,42.742027282714844,41.062034606933594,0.,42.76192092895508,5.244775295257568,-0.4113823175430298,-0.41162781018491734,41.062034606933594,5.168533802032471,-0.2021254301071167,-0.36121150207689556,0.,0.,0.,0.
etnn,132,43.30074691772461,55.67482376098633,0.,42.979766845703125,5.262127876281738,-0.4181711673736572,-0.41881930693767644,55.67482376098633,6.141032695770264,-0.2139362096786499,-0.8456273746800089,0.,0.,0.,0.
etnn,133,52.86122512817383,36.97210693359375,0.,53.13755416870117,5.877159595489502,-0.7527059316635132,-0.7541413983870107,36.972103118896484,4.847086429595947,-0.19558489322662354,-0.22562987787956024,0.,0.,0.,0.
etnn,134,41.597869873046875,52.63542175292969,0.,41.448455810546875,5.166947364807129,-0.3677053451538086,-0.36826874868525317,52.63542175292969,5.744901180267334,-0.16951584815979004,-0.7448707286568483,0.,0.,0.,0.
etnn,135,77.4708251953125,56.95286560058594,0.,77.48314666748047,7.262783050537109,-1.5455920696258545,-1.5578213302586446,56.95286560058594,6.221698760986328,-0.21477973461151123,-0.8879944349240698,0.,0.,0.,0.
etnn,136,42.8536376953125,49.58776092529297,0.,42.770164489746094,5.230818271636963,-0.4112156629562378,-0.4119000530723149,49.58776092529297,5.7505645751953125,-0.20991837978363037,-0.6438403460834914,0.,0.,0.,0.
etnn,137,56.03229522705078,87.52613067626953,0.,55.710811614990234,6.013093948364258,-0.8307778835296631,-0.839088163536001,87.52613830566406,7.770003318786621,-0.15462970733642578,-1.9015021895172923,0.,0.,0.,0.
etnn,138,116.44511413574219,133.81092834472656,0.,115.99471282958984,9.247081756591797,-2.7917587757110596,-2.8291401251071693,133.81092834472656,10.19127082824707,-0.24502384662628174,-3.435848606806898,0.,0.,0.,0.
etnn,139,157.02577209472656,84.8177261352539,0.,157.54849243164062,11.151325225830078,-4.166182994842529,-4.200885487416399,84.8177261352539,7.620595932006836,-0.15579891204833984,-1.811718203998236,0.,0.,0.,0.
etnn,140,55.07843017578125,43.922428131103516,0.,55.42675018310547,5.968932151794434,-0.8189723491668701,-0.8297109017719477,43.922428131103516,5.207817077636719,-0.17615509033203125,-0.45603391155810735,0.,0.,0.,0.
etnn,141,64.90528106689453,56.46052169799805,0.,64.72828674316406,6.524093151092529,-1.1279656887054443,-1.1367668712343346,56.46052169799805,6.190219402313232,-0.21488690376281738,-0.8716731915714311,0.,0.,0.,0.
etnn,142,53.339473724365234,93.76146697998047,0.,52.720741271972656,5.818042755126953,-0.740288257598877,-0.7403818984100901,93.76146697998047,8.292584419250488,-0.23215901851654053,-2.1082043054270954,0.,0.,0.,0.
etnn,143,70.94625091552734,75.85708618164062,0.,71.53153228759766,6.875927448272705,-1.3606712818145752,-1.3613512013881186,75.85708618164062,7.339752674102783,-0.2248845100402832,-1.5146718163450652,0.,0.,0.,0.
etnn,144,98.62925720214844,50.538177490234375,0.,99.30219268798828,8.416526794433594,-2.2704215049743652,-2.2780976455947433,50.538177490234375,5.615187644958496,-0.1712644100189209,-0.675346792996034,0.,0.,0.,0.
etnn,145,44.9879150390625,51.19609832763672,0.,44.793277740478516,5.345592021942139,-0.47638893127441406,-0.478685650454415,51.19609832763672,5.656064033508301,-0.17086124420166016,-0.6971569913793483,0.,0.,0.,0.
etnn,146,48.698158264160156,37.25498580932617,0.,48.91792678833008,5.61424446105957,-0.6094402074813843,-0.6148459365358914,37.25498580932617,4.870511531829834,-0.19676101207733154,-0.235007278177902,0.,0.,0.,0.
etnn,147,45.96525192260742,36.16585922241211,0.,46.111358642578125,5.432103633880615,-0.5221973657608032,-0.5221973791664409,36.16585922241211,4.770565032958984,-0.1932966709136963,-0.19890275319771944,0.,0.,0.,0.
etnn,148,110.62691497802734,128.5379180908203,0.,109.30294036865234,8.70954704284668,-2.6029534339904785,-2.6082355197845204,128.5379180908203,9.851612091064453,-0.1437685489654541,-3.2610480506224517,0.,0.,0.,0.
etnn,149,73.57952117919922,39.07159423828125,0.,74.53034973144531,7.006221771240234,-1.4388811588287354,-1.4603458554395234,39.07159423828125,4.911962032318115,-0.18166279792785645,-0.2952281922859157,0.,0.,0.,0.
etnn,150,95.76136779785156,216.74078369140625,0.,93.8083267211914,7.97816276550293,-2.0760135650634766,-2.0967377018403335,216.7407989501953,13.473163604736328,-0.26699602603912354,-6.184983904175082,0.,0.,0.,0.
etnn,151,247.7613525390625,68.50951385498047,0.,250.751708984375,14.500292778015137,-7.233210563659668,-7.277647933789952,68.50951385498047,6.690624237060547,-0.1623227596282959,-1.271098926145342,0.,0.,0.,0.
etnn,152,46.2637939453125,52.73614501953125,0.,46.353736877441406,5.440645694732666,-0.5233557224273682,-0.5301984560354185,52.73614501953125,5.751242160797119,-0.17025744915008545,-0.7482096872852784,0.,0.,0.,0.
etnn,153,56.25513458251953,36.537357330322266,0.,56.77703857421875,6.0707902908325195,-0.8715441226959229,-0.8742856290212351,36.53736114501953,4.7672576904296875,-0.18705153465270996,-0.21121798621549193,0.,0.,0.,0.
etnn,154,57.66385269165039,37.63103103637695,0.,57.91988754272461,6.164695739746094,-0.9106727838516235,-0.9120127247950167,37.63103103637695,4.901479244232178,-0.1978917121887207,-0.24747328117479017,0.,0.,0.,0.
etnn,155,37.39263153076172,37.51697540283203,0.,37.35271072387695,4.900096893310547,-0.23302555084228516,-0.23306260671740797,37.51697540283203,4.89204740524292,-0.1975330114364624,-0.24369232424390352,0.,0.,0.,0.
etnn,156,42.1580696105957,35.99797439575195,0.,42.28096008300781,5.194470405578613,-0.39572465419769287,-0.39575071374237014,35.99797439575195,4.75142240524292,-0.19227325916290283,-0.19333728252168103,0.,0.,0.,0.
etnn,157,48.143428802490234,46.72581100463867,0.,47.96773147583008,5.5523223876953125,-0.5832816362380981,-0.5834787489304085,46.72581100463867,5.37895393371582,-0.1741945743560791,-0.5489664446419247,0.,0.,0.,0.
etnn,158,44.248348236083984,91.58129119873047,0.,43.725563049316406,5.274250507354736,-0.42586958408355713,-0.4434390437397504,91.58129119873047,8.181896209716797,-0.2317570447921753,-2.035931184570075,0.,0.,0.,0.
etnn,159,83.4017105102539,40.198246002197266,0.,84.52112579345703,7.616337776184082,-1.786733627319336,-1.790154760870613,40.198246002197266,5.103691577911377,-0.2019723653793335,-0.3325768378755809,0.,0.,0.,0.
etnn,160,41.65407943725586,37.495086669921875,0.,41.73365020751953,5.17240047454834,-0.37741291522979736,-0.3776833620990798,37.495094299316406,4.88983678817749,-0.19768238067626953,-0.24296688674606948,0.,0.,0.,0.
etnn,161,52.58354568481445,100.12642669677734,0.,51.617244720458984,5.710220813751221,-0.6987578868865967,-0.7039539673050634,100.12641906738281,8.613202095031738,-0.23513305187225342,-2.319203235680472,0.,0.,0.,0.
etnn,162,64.94092559814453,36.13279724121094,0.,65.64469909667969,6.5335164070129395,-1.158966064453125,-1.1670189675218117,36.1328010559082,4.745765686035156,-0.18897414207458496,-0.19780677528518176,0.,0.,0.,0.
etnn,163,48.070098876953125,46.15230178833008,0.,47.95541000366211,5.560143947601318,-0.5829784870147705,-0.5830720005448056,46.15230178833008,5.343348503112793,-0.17498517036437988,-0.5299544505656968,0.,0.,0.,0.
etnn,164,42.42322540283203,36.468082427978516,0.,42.62491989135742,5.219350337982178,-0.40221476554870605,-0.4071052492795899,36.468082427978516,4.798831939697266,-0.1951582431793213,-0.20892139471581084,0.,0.,0.,0.
etnn,165,53.6676025390625,87.00462341308594,0.,52.90599822998047,5.8061017990112305,-0.741464376449585,-0.7464975999547983,87.004638671875,7.9443535804748535,-0.23043596744537354,-1.8842142310802474,0.,0.,0.,0.
etnn,166,73.28184509277344,35.95512390136719,0.,74.01516723632812,7.040401935577393,-1.4357638359069824,-1.4433392874732096,35.95512390136719,4.74383544921875,-0.19191288948059082,-0.19191680224523222,0.,0.,0.,0.
etnn,167,44.897037506103516,40.3046760559082,0.,44.92939376831055,5.3787760734558105,-0.4830052852630615,-0.48317904415370716,40.3046760559082,4.985057353973389,-0.18073999881744385,-0.33610502403671094,0.,0.,0.,0.
etnn,168,46.73094940185547,60.51263427734375,0.,46.44973373413086,5.457997798919678,-0.5333672761917114,-0.5333674558592909,60.51264190673828,6.219531059265137,-0.16645801067352295,-1.0060014509990465,0.,0.,0.,0.
etnn,169,61.65813446044922,40.82314682006836,0.,61.95082092285156,6.374738693237305,-1.0340838432312012,-1.045079167326989,40.82314682006836,5.149584770202637,-0.20321452617645264,-0.3532922992008416,0.,0.,0.,0.
etnn,170,42.32094955444336,38.35445785522461,0.,42.45735168457031,5.200366973876953,-0.4004700183868408,-0.4015737318925048,38.35445785522461,4.868959426879883,-0.18351423740386963,-0.27145497935011664,0.,0.,0.,0.
etnn,171,61.81404495239258,38.07433319091797,0.,62.240257263183594,6.3949809074401855,-1.053515911102295,-1.0546337016400322,38.07433319091797,4.9370927810668945,-0.19928252696990967,-0.2621689049131428,0.,0.,0.,0.
etnn,172,85.75352478027344,242.78028869628906,0.,83.3786392211914,7.389420032501221,-1.7399616241455078,-1.7524400092855563,242.78028869628906,14.371877670288086,-0.27387213706970215,-7.04819631925718,0.,0.,0.,0.
etnn,173,366.30810546875,221.3776092529297,0.,366.99920654296875,18.07223892211914,-11.028841972351074,-11.11513170843882,221.3776092529297,13.695491790771484,-0.12756860256195068,-6.3386952267829235,0.,0.,0.,0.
etnn,174,139.27554321289062,200.72486877441406,0.,137.04550170898438,9.90881061553955,-3.5134902000427246,-3.524054369418044,200.72486877441406,12.922155380249023,-0.13106107711791992,-5.654054646572246,0.,0.,0.,0.
etnn,175,122.59101867675781,133.03448486328125,0.,121.26321411132812,9.25932788848877,-2.992591381072998,-3.003059954496777,133.03448486328125,10.060738563537598,-0.14449644088745117,-3.4101094215242416,0.,0.,0.,0.
etnn,176,82.2059326171875,36.054771423339844,0.,82.59458923339844,7.460104942321777,-1.7034504413604736,-1.72655752931266,36.054771423339844,4.744743347167969,-0.19131684303283691,-0.19522012874068562,0.,0.,0.,0.
etnn,177,62.94397735595703,92.25810241699219,0.,63.112327575683594,6.381274700164795,-1.0685129165649414,-1.0834218003142562,92.25810241699219,8.213471412658691,-0.2338165044784546,-2.0583674939049823,0.,0.,0.,0.
etnn,178,69.00072479248047,53.574188232421875,0.,69.21102142333984,6.765336990356445,-1.2839922904968262,-1.2847478558886989,53.574188232421875,6.00571346282959,-0.21522974967956543,-0.775990997734362,0.,0.,0.,0.
etnn,179,45.53554916381836,37.624629974365234,0.,45.521018981933594,5.413932800292969,-0.5017930269241333,-0.5027093463982988,37.624629974365234,4.90013313293457,-0.1994626522064209,-0.24726115162886564,0.,0.,0.,0.
etnn,180,39.55559539794922,44.820289611816406,0.,39.535072326660156,5.041700839996338,-0.30326199531555176,-0.3051053235004919,44.82029724121094,5.262110233306885,-0.17746901512145996,-0.4857983072966183,0.,0.,0.,0.
etnn,181,48.92121505737305,63.30336380004883,0.,48.45829772949219,5.577070236206055,-0.5996503829956055,-0.5996729960588634,63.30336380004883,6.385165214538574,-0.1663111448287964,-1.0985143176988603,0.,0.,0.,0.
etnn,182,51.12234115600586,37.96732711791992,0.,51.06428527832031,5.744763374328613,-0.6805825233459473,-0.6857000737880337,37.96733474731445,4.847300052642822,-0.18544161319732666,-0.2586217348096673,0.,0.,0.,0.
etnn,183,60.79024124145508,52.54881286621094,0.,61.34701156616211,6.306927680969238,-1.0175118446350098,-1.0251464880974615,52.54881286621094,5.940250873565674,-0.21460890769958496,-0.7419996305262375,0.,0.,0.,0.
etnn,184,60.311729431152344,52.56626892089844,0.,60.31958770751953,6.2277140617370605,-0.9902513027191162,-0.9912298452718129,52.5662727355957,5.941349506378174,-0.21464478969573975,-0.742578294758018,0.,0.,0.,0.
etnn,185,46.76583480834961,38.28209686279297,0.,46.76945495605469,5.479047775268555,-0.5431352853775024,-0.5439219874931103,38.282100677490234,4.95402193069458,-0.20079457759857178,-0.2690563373994954,0.,0.,0.,0.
etnn,186,48.78533172607422,36.114707946777344,0.,48.95705032348633,5.601614952087402,-0.6159176826477051,-0.6161373541842972,36.114707946777344,4.762063980102539,-0.19466495513916016,-0.19720708734779246,0.,0.,0.,0.
etnn,187,41.062156677246094,55.32550811767578,0.,40.849796295166016,5.109559059143066,-0.3468831777572632,-0.34850611547899124,55.32551193237305,5.908905029296875,-0.17042231559753418,-0.8340475804552046,0.,0.,0.,0.
etnn,188,56.40761947631836,70.94080352783203,0.,55.73992919921875,5.981254577636719,-0.8399313688278198,-0.8400492017243357,70.94080352783203,6.8318305015563965,-0.16303646564483643,-1.3516963923242695,0.,0.,0.,0.
etnn,189,56.21233367919922,35.990234375,0.,56.35699462890625,6.013248920440674,-0.8506684303283691,-0.86041935070718,35.990234375,4.744539737701416,-0.19293546676635742,-0.19308065290579912,0.,0.,0.,0.
etnn,190,69.43672943115234,57.691192626953125,0.,70.21720886230469,6.776458740234375,-1.311276912689209,-1.3179633271952271,57.691192626953125,6.265806198120117,-0.21806800365447998,-0.9124701420092949,0.,0.,0.,0.
etnn,191,59.10905075073242,56.29804992675781,0.,59.28384017944336,6.21116304397583,-0.9567607641220093,-0.9570382998810467,56.29805374145508,6.178638458251953,-0.21726298332214355,-0.8662873789304437,0.,0.,0.,0.
etnn,192,46.78153610229492,49.710872650146484,0.,46.708473205566406,5.475330352783203,-0.5418398380279541,-0.5419088309686031,49.71087646484375,5.756596565246582,-0.2128971815109253,-0.6479217073071644,0.,0.,0.,0.
etnn,193,46.2227897644043,61.81467056274414,0.,46.18867111206055,5.440415382385254,-0.5246289968490601,-0.524749389590629,61.81467056274414,6.520506381988525,-0.22057294845581055,-1.0491640181406483,0.,0.,0.,0.
etnn,194,52.510318756103516,54.254310607910156,0.,52.270267486572266,5.827061176300049,-0.7255110740661621,-0.7255111584470109,54.254310607910156,6.049006462097168,-0.21611762046813965,-0.798537217194597,0.,0.,0.,0.
etnn,195,40.6731071472168,36.1328239440918,0.,40.75321578979492,5.09495735168457,-0.3421933650970459,-0.3453177664863434,36.1328239440918,4.746673107147217,-0.19120240211486816,-0.19780756716997216,0.,0.,0.,0.
etnn,196,37.60888671875,39.88558578491211,0.,37.592281341552734,4.907768249511719,-0.23966026306152344,-0.24097123447113056,39.88558578491211,5.078259468078613,-0.20364367961883545,-0.32221211432543506,0.,0.,0.,0.
etnn,197,40.30159378051758,36.196372985839844,0.,40.2971305847168,5.083171844482422,-0.33026206493377686,-0.33026191220193657,36.196372985839844,4.769032955169678,-0.19554758071899414,-0.19991420469654275,0.,0.,0.,0.
etnn,198,38.55491256713867,47.5985221862793,0.,38.474063873291016,4.947186470031738,-0.2681457996368408,-0.27007998475845696,47.59852600097656,5.617397785186768,-0.21151888370513916,-0.5778969686231603,0.,0.,0.,0.
etnn,199,45.65827560424805,48.79066467285156,0.,45.51255416870117,5.415077209472656,-0.5022693872451782,-0.5024299598954991,48.79066848754883,5.696528434753418,-0.21247994899749756,-0.6174165501351276,0.,0.,0.,0.
etnn,200,42.76495361328125,36.243133544921875,0.,42.81001663208008,5.248231410980225,-0.41140949726104736,-0.4132157959589242,36.243133544921875,4.751678466796875,-0.1907494068145752,-0.2014643677504575,0.,0.,0.,0.
baseline,1,519669.96875,12296.06640625,0.,532116.5625,437.4657287597656,-16059.7001953125,-17564.874942681654,12296.06640625,109.76585388183594,-7.2054443359375,-406.61613853903316,0.,0.,0.,0.
baseline,2,10229.5263671875,10138.0078125,0.,10189.908203125,93.2255859375,-316.6658935546875,-335.3824550773099,10138.0078125,100.3940658569336,-0.9572339057922363,-335.07620393693355,0.,0.,0.,0.
baseline,3,3891.428466796875,2172.840087890625,0.,3965.095703125,54.841217041015625,-55.014339447021484,-129.89309677503547,2172.840087890625,45.37417221069336,-2.7799315452575684,-71.02991658343811,0.,0.,0.,0.
baseline,4,1293.6822509765625,785.3990478515625,0.,1288.75537109375,32.081565856933594,-39.93034744262695,-41.543531678144845,785.3991088867188,26.32324981689453,-2.114224672317505,-25.03607573999102,0.,0.,0.,0.
baseline,5,512.4185791015625,278.8836364746094,0.,522.324951171875,19.48663330078125,-13.641295433044434,-16.24264087505449,278.8836669921875,14.428911209106445,-1.979957103729248,-8.245027769939044,0.,0.,0.,0.
baseline,6,357.4527282714844,348.38165283203125,0.,355.58416748046875,16.07964515686035,-9.43675708770752,-10.738306645780602,348.3816833496094,16.400802612304688,-2.002962350845337,-10.548895437861475,0.,0.,0.,0.
baseline,7,206.61695861816406,131.02976989746094,0.,209.4789581298828,11.921504020690918,-5.617147445678711,-5.915178869058876,131.02976989746094,9.204302787780762,-1.8509321212768555,-3.3436532528936365,0.,0.,0.,0.
baseline,8,152.0526885986328,116.7215805053711,0.,151.65296936035156,10.010990142822266,-3.8653512001037598,-4.006266098440787,116.7215805053711,8.759318351745605,-1.704305648803711,-2.869334876916065,0.,0.,0.,0.
baseline,9,102.56480407714844,115.86080932617188,0.,102.83914184570312,8.154382705688477,-2.302340269088745,-2.3948568138736746,115.86080932617188,8.734912872314453,-1.6310765743255615,-2.8408001309461075,0.,0.,0.,0.
baseline,10,95.8136978149414,80.7313232421875,0.,96.0662612915039,7.825290203094482,-2.171213388442993,-2.1712750556285676,80.73133087158203,7.158291816711426,-1.5848853588104248,-1.6762534610293733,0.,0.,0.,0.
baseline,11,85.94010162353516,81.3071517944336,0.,85.757568359375,7.4280290603637695,-1.8078138828277588,-1.830971367255013,81.30715942382812,7.13344144821167,-1.540184736251831,-1.6953422490705616,0.,0.,0.,0.
baseline,12,79.67893981933594,83.2409896850586,0.,79.6454849243164,7.137078762054443,-1.614445447921753,-1.629203431052498,83.24099731445312,7.23423433303833,-1.4816670417785645,-1.759449166184936,0.,0.,0.,0.
baseline,13,76.82197570800781,74.61859893798828,0.,76.92816162109375,6.990106105804443,-1.5385472774505615,-1.5395010329658212,74.61859893798828,6.828025817871094,-1.4134852886199951,-1.4736157692815772,0.,0.,0.,0.
baseline,14,72.31983184814453,70.82318878173828,0.,72.27691650390625,6.7953033447265625,-1.3858144283294678,-1.3859572932578397,70.82318878173828,6.6697211265563965,-1.3475151062011719,-1.347797343543217,0.,0.,0.,0.
baseline,15,69.63794708251953,69.14118194580078,0.,69.71063995361328,6.66920804977417,-1.3011868000030518,-1.301241040662168,69.14118194580078,6.595733165740967,-1.288999080657959,-1.2920387232597887,0.,0.,0.,0.
baseline,16,67.86418151855469,68.29322814941406,0.,67.8792953491211,6.5759053230285645,-1.2407829761505127,-1.2407858420225084,68.2932357788086,6.568403720855713,-1.229396104812622,-1.263929111068678,0.,0.,0.,0.
baseline,17,66.40129852294922,66.725830078125,0.,66.3776626586914,6.496126174926758,-1.1912086009979248,-1.191214943831504,66.72583770751953,6.4931511878967285,-1.174565315246582,-1.2119696784122533,0.,0.,0.,0.
baseline,18,64.5943603515625,64.5509262084961,0.,64.72824096679688,6.416235446929932,-1.1366047859191895,-1.136765424872808,64.5509262084961,6.381187438964844,-1.1227731704711914,-1.1398712168853367,0.,0.,0.,0.
baseline,19,62.96450424194336,62.611602783203125,0.,62.983482360839844,6.3326497077941895,-1.0787279605865479,-1.0791685701563942,62.611602783203125,6.27861213684082,-1.0736851692199707,-1.0755824445476434,0.,0.,0.,0.
baseline,20,61.3780632019043,61.495479583740234,0.,61.3601188659668,6.245664119720459,-1.0255773067474365,-1.0255792575876304,61.495479583740234,6.228918075561523,-1.0201797485351562,-1.0385827550351032,0.,0.,0.,0.
baseline,21,60.15718460083008,59.595977783203125,0.,60.1413688659668,6.1809563636779785,-0.9843829870223999,-0.9853466178799073,59.595977783203125,6.127071380615234,-0.9737749099731445,-0.9756139542441595,0.,0.,0.,0.
baseline,22,58.56134796142578,58.28944778442383,0.,58.61806106567383,6.102043628692627,-0.9350414276123047,-0.9350602893369497,58.28944396972656,6.062166690826416,-0.9246319532394409,-0.9323023212136261,0.,0.,0.,0.
baseline,23,57.11821365356445,57.3524055480957,0.,57.17527389526367,6.029110431671143,-0.8873639106750488,-0.887431912877374,57.3524055480957,6.016393661499023,-0.8767291307449341,-0.9012392749220544,0.,0.,0.,0.
baseline,24,56.028358459472656,55.80025100708008,0.,55.99032974243164,5.961714744567871,-0.8472462892532349,-0.8483152715678461,55.80025100708008,5.934267044067383,-0.832895040512085,-0.8497850707920189,0.,0.,0.,0.
baseline,25,54.62600326538086,54.12351989746094,0.,54.61802673339844,5.887118339538574,-0.8025802373886108,-0.8030136490324429,54.12351989746094,5.844562530517578,-0.7931326627731323,-0.7942012864072214,0.,0.,0.,0.
baseline,26,53.409393310546875,52.978187561035156,0.,53.38949966430664,5.820488929748535,-0.7624447345733643,-0.762458507807817,52.978187561035156,5.7846808433532715,-0.7517133951187134,-0.7562333578961224,0.,0.,0.,0.
baseline,27,52.19054412841797,51.81623840332031,0.,52.32546615600586,5.757978916168213,-0.7264734506607056,-0.7273331677862844,51.81623840332031,5.721983909606934,-0.7129827737808228,-0.7177146514470956,0.,0.,0.,0.
baseline,28,51.0345573425293,50.663124084472656,0.,51.10758972167969,5.694382667541504,-0.6870942115783691,-0.6871296149843682,50.663124084472656,5.6587395668029785,-0.6774724721908569,-0.6794888167304911,0.,0.,0.,0.
baseline,29,50.34267044067383,50.4217529296875,0.,50.32133102416992,5.652376174926758,-0.661125659942627,-0.6611741645052265,50.421756744384766,5.643529415130615,-0.6400331258773804,-0.6714873955524097,0.,0.,0.,0.
baseline,30,49.41558837890625,49.65620803833008,0.,49.349605560302734,5.593410491943359,-0.6286988258361816,-0.6290962901192803,49.65620803833008,5.6007585525512695,-0.6080825328826904,-0.6461094180293581,0.,0.,0.,0.
baseline,31,48.725006103515625,48.159156799316406,0.,48.69908142089844,5.5508294105529785,-0.6062700748443604,-0.6076214953660037,48.159156799316406,5.519230365753174,-0.5803931951522827,-0.5964819992773567,0.,0.,0.,0.
baseline,32,47.385318756103516,47.3125114440918,0.,47.41582489013672,5.486586570739746,-0.5652520656585693,-0.565259513981688,47.3125114440918,5.471445083618164,-0.5530990362167358,-0.568415525800523,0.,0.,0.,0.
baseline,33,47.017086029052734,46.17324447631836,0.,46.946617126464844,5.4505534172058105,-0.5485669374465942,-0.5497702675512091,46.17324447631836,5.406489372253418,-0.5306097269058228,-0.5306487825558801,0.,0.,0.,0.
baseline,34,46.694847106933594,46.00402069091797,0.,46.725364685058594,5.437995433807373,-0.5424453020095825,-0.5424664047754131,46.00402069091797,5.392800331115723,-0.5102274417877197,-0.5250389935485695,0.,0.,0.,0.
baseline,35,45.54121780395508,44.881103515625,0.,45.440330505371094,5.367608070373535,-0.5000449419021606,-0.5000456949483747,44.881103515625,5.330235958099365,-0.4825632572174072,-0.48781417220338885,0.,0.,0.,0.
baseline,36,44.75346755981445,44.14714431762695,0.,44.74758529663086,5.324256896972656,-0.47598493099212646,-0.47717726873895083,44.14714050292969,5.287411689758301,-0.4634438753128052,-0.4634832126100943,0.,0.,0.,0.
baseline,37,44.196048736572266,44.00845718383789,0.,44.17083740234375,5.290857791900635,-0.4579883813858032,-0.4581381498568531,44.00845718383789,5.27816104888916,-0.4473693370819092,-0.4588857765644738,0.,0.,0.,0.
baseline,38,43.744346618652344,43.08710861206055,0.,43.73810577392578,5.273605823516846,-0.4438514709472656,-0.4438531630344431,43.08710861206055,5.223377704620361,-0.42729711532592773,-0.428342955384051,0.,0.,0.,0.
baseline,39,43.536991119384766,45.64990997314453,0.,43.61024475097656,5.26488733291626,-0.43946146965026855,-0.4396323080730391,45.64990997314453,5.363407135009766,-0.40060555934906006,-0.5133002444964252,0.,0.,0.,0.
baseline,40,43.61948776245117,42.13566207885742,0.,43.632240295410156,5.269315719604492,-0.4363354444503784,-0.4403582724088537,42.13566589355469,5.159372329711914,-0.39215028285980225,-0.3968024548030409,0.,0.,0.,0.
baseline,41,42.65824508666992,42.9114990234375,0.,42.61708450317383,5.20517635345459,-0.4065896272659302,-0.4068466988033026,42.9114990234375,5.219522476196289,-0.38497602939605713,-0.42252148693455704,0.,0.,0.,0.
baseline,42,42.49169921875,41.444244384765625,0.,42.47632598876953,5.203505039215088,-0.4015544652938843,-0.4022000100559584,41.444244384765625,5.112863063812256,-0.36346375942230225,-0.37388182197314035,0.,0.,0.,0.
baseline,43,41.478492736816406,41.203556060791016,0.,41.50959014892578,5.135085582733154,-0.3690680265426636,-0.3702867858096952,41.203556060791016,5.095707893371582,-0.3504878282546997,-0.3659030337694533,0.,0.,0.,0.
baseline,44,41.06087112426758,40.60390090942383,0.,41.01844787597656,5.104298114776611,-0.35355889797210693,-0.3540734516691255,40.60390090942383,5.071868896484375,-0.34377408027648926,-0.34602433272281985,0.,0.,0.,0.
baseline,45,40.63046646118164,40.1710090637207,0.,40.649505615234375,5.085195541381836,-0.3418581485748291,-0.34189427678215556,40.1710090637207,5.037088394165039,-0.33088624477386475,-0.33167386298959234,0.,0.,0.,0.
baseline,46,40.38824462890625,39.88726806640625,0.,40.415321350097656,5.071247577667236,-0.334140419960022,-0.3341635150463591,39.887264251708984,5.0176682472229,-0.3208165168762207,-0.3222678307171658,0.,0.,0.,0.
baseline,47,40.07808303833008,39.62959289550781,0.,40.16891098022461,5.052725315093994,-0.32478582859039307,-0.3260292167732146,39.62959289550781,4.999666690826416,-0.3114805221557617,-0.3137258632756226,0.,0.,0.,0.
baseline,48,39.895626068115234,39.36436080932617,0.,39.92903518676758,5.039699554443359,-0.3181103467941284,-0.31811057181080193,39.36436080932617,4.990447044372559,-0.3047689199447632,-0.30493339725046087,0.,0.,0.,0.
baseline,49,39.70027542114258,40.48134994506836,0.,39.75413513183594,5.025970935821533,-0.312333345413208,-0.3123369486743801,40.48134994506836,5.035043239593506,-0.2905465364456177,-0.34196171514611295,0.,0.,0.,0.
baseline,50,39.99395751953125,38.96409225463867,0.,39.955631256103516,5.0502777099609375,-0.3161907196044922,-0.3189885496982716,38.96409225463867,4.969685077667236,-0.2904484272003174,-0.2916644461378384,0.,0.,0.,0.
baseline,51,39.682979583740234,38.761268615722656,0.,39.59394454956055,5.0263671875,-0.30660343170166016,-0.3070488086506329,38.76127243041992,4.939809799194336,-0.28122127056121826,-0.2849408699171192,0.,0.,0.,0.
baseline,52,38.99917984008789,38.50975036621094,0.,39.0272216796875,4.982778072357178,-0.2865666151046753,-0.2883406468733214,38.5097541809082,4.9309773445129395,-0.27620041370391846,-0.27660304132885605,0.,0.,0.,0.
baseline,53,38.94984817504883,38.432430267333984,0.,38.9437141418457,4.98160982131958,-0.28555238246917725,-0.28558375649067314,38.43242645263672,4.936995029449463,-0.27228593826293945,-0.2740397793766203,0.,0.,0.,0.
baseline,54,38.76367950439453,38.72517395019531,0.,38.830413818359375,4.969923973083496,-0.28171205520629883,-0.2818436705068159,38.72517395019531,4.9247941970825195,-0.2617894411087036,-0.2837442713202065,0.,0.,0.,0.
baseline,55,38.58230972290039,38.08715057373047,0.,38.5151481628418,4.964292049407959,-0.27101075649261475,-0.2714361826072813,38.08715057373047,4.897307872772217,-0.2594308853149414,-0.2625937881263749,0.,0.,0.,0.
baseline,56,38.254817962646484,38.09904479980469,0.,38.30712127685547,4.946115016937256,-0.26413393020629883,-0.2645690325853647,38.09904098510742,4.9205780029296875,-0.25835883617401123,-0.2629879863072262,0.,0.,0.,0.
baseline,57,38.38166427612305,38.302730560302734,0.,38.41248321533203,4.953714370727539,-0.2677701711654663,-0.26804726771251497,38.302730560302734,4.897585868835449,-0.2483292818069458,-0.269740216239178,0.,0.,0.,0.
baseline,58,39.657962799072266,40.674049377441406,0.,39.70905303955078,5.02513313293457,-0.3035407066345215,-0.3108487535796096,40.67405319213867,5.122076034545898,-0.256891131401062,-0.3483497638722288,0.,0.,0.,0.
baseline,59,40.033931732177734,37.60451889038086,0.,40.013519287109375,5.07037353515625,-0.3170424699783325,-0.32089957074307285,37.604522705078125,4.865572452545166,-0.2435847520828247,-0.24659447636639253,0.,0.,0.,0.
baseline,60,38.84122085571289,37.63062286376953,0.,38.89540100097656,4.967461109161377,-0.28005099296569824,-0.28398888669390976,37.6306266784668,4.861983299255371,-0.23943519592285156,-0.2474598279149831,0.,0.,0.,0.
baseline,61,37.858482360839844,39.72389221191406,0.,37.85350799560547,4.913973808288574,-0.2485029697418213,-0.2495947940123533,39.72389221191406,5.059511661529541,-0.24619948863983154,-0.316851944916126,0.,0.,0.,0.
baseline,62,39.05558395385742,38.61547088623047,0.,39.05903625488281,4.992342472076416,-0.28841710090637207,-0.28939060497822955,38.61547088623047,4.908937931060791,-0.2300870418548584,-0.2801076520695993,0.,0.,0.,0.
baseline,63,37.80379867553711,37.527042388916016,0.,37.78536605834961,4.904583930969238,-0.24524283409118652,-0.24734524400300462,37.527042388916016,4.88834810256958,-0.2359839677810669,-0.2440260649583148,0.,0.,0.,0.
baseline,64,37.4522705078125,37.305625915527344,0.,37.482730865478516,4.897937297821045,-0.23735225200653076,-0.23735480862423097,37.30562210083008,4.868485450744629,-0.23281121253967285,-0.23668603963911328,0.,0.,0.,0.
baseline,65,37.58355712890625,37.5455322265625,0.,37.562652587890625,4.9076762199401855,-0.23991262912750244,-0.23999307813693593,37.5455322265625,4.850856304168701,-0.22518539428710938,-0.24463902599161802,0.,0.,0.,0.
baseline,66,37.4776725769043,37.03760528564453,0.,37.44853210449219,4.889082431793213,-0.23401498794555664,-0.2362258060461171,37.0376091003418,4.84152364730835,-0.22744762897491455,-0.22780128805780575,0.,0.,0.,0.
baseline,67,37.6077766418457,37.951087951660156,0.,37.66526794433594,4.910392761230469,-0.24315893650054932,-0.24338062819591366,37.951087951660156,4.869241714477539,-0.21979820728302002,-0.2580833425903417,0.,0.,0.,0.
baseline,68,37.485050201416016,38.167938232421875,0.,37.51454544067383,4.887345790863037,-0.2365201711654663,-0.23840496232420882,38.16794204711914,4.949491500854492,-0.22845804691314697,-0.26527200601474643,0.,0.,0.,0.
baseline,69,37.55852127075195,39.309852600097656,0.,37.646209716796875,4.903698444366455,-0.24248731136322021,-0.24275144508337476,39.309852600097656,4.941249370574951,-0.21347272396087646,-0.303126533005706,0.,0.,0.,0.
baseline,70,38.65605545043945,37.76624298095703,0.,38.691993713378906,4.967818737030029,-0.2760193347930908,-0.2772742516251989,37.76624298095703,4.918662071228027,-0.2244870662689209,-0.2519556237956071,0.,0.,0.,0.
baseline,71,38.73626708984375,36.75032424926758,0.,38.61452865600586,4.952799320220947,-0.2729623317718506,-0.27471696630046605,36.75032424926758,4.816962242126465,-0.21820271015167236,-0.21827779320108243,0.,0.,0.,0.
baseline,72,38.1552619934082,36.71128463745117,0.,38.065914154052734,4.943110466003418,-0.2550492286682129,-0.2566065049921986,36.71128463745117,4.811984539031982,-0.21647095680236816,-0.2169836663612683,0.,0.,0.,0.
baseline,73,38.33930206298828,37.19314193725586,0.,38.27755355834961,4.940367221832275,-0.25882256031036377,-0.2635928531975964,37.19314193725586,4.872460842132568,-0.21906769275665283,-0.2329572074999493,0.,0.,0.,0.
baseline,74,37.545982360839844,37.92233657836914,0.,37.60297393798828,4.912132740020752,-0.23960435390472412,-0.2413241956931902,37.922340393066406,4.861716270446777,-0.20874810218811035,-0.2571301987581722,0.,0.,0.,0.
baseline,75,37.26388931274414,38.110496520996094,0.,37.214351654052734,4.86696195602417,-0.22606337070465088,-0.22849528980149136,38.110496520996094,4.951659679412842,-0.21922767162322998,-0.2633676722417866,0.,0.,0.,0.
baseline,76,38.46978759765625,37.23509216308594,0.,38.516197204589844,4.963072776794434,-0.27142250537872314,-0.27147089755752285,37.2350959777832,4.824522018432617,-0.20799386501312256,-0.23434804511533658,0.,0.,0.,0.
baseline,77,38.00187301635742,36.64339828491211,0.,38.031402587890625,4.940376281738281,-0.2554464340209961,-0.2554671712596497,36.643394470214844,4.820166110992432,-0.21261048316955566,-0.21473314375160113,0.,0.,0.,0.
baseline,78,38.202762603759766,36.58958435058594,0.,38.151798248291016,4.940376281738281,-0.2566031217575073,-0.25944165079215353,36.58958435058594,4.8149895668029785,-0.21146440505981445,-0.21294919763439002,0.,0.,0.,0.
baseline,79,39.2891845703125,40.90549850463867,0.,39.31256866455078,5.018157482147217,-0.29486846923828125,-0.2977602302576172,40.90549850463867,5.034703254699707,-0.19888317584991455,-0.3560224460456505,0.,0.,0.,0.
baseline,80,38.584815979003906,37.60778045654297,0.,38.67153549194336,4.967257976531982,-0.2728785276412964,-0.27659890635581696,37.60778045654297,4.9141011238098145,-0.2134455442428589,-0.24670263795276326,0.,0.,0.,0.
baseline,81,37.11231231689453,36.46977996826172,0.,37.15070724487305,4.881021022796631,-0.22588515281677246,-0.2263941883695595,36.46977996826172,4.804945945739746,-0.20822954177856445,-0.20897772207209542,0.,0.,0.,0.
baseline,82,36.68720245361328,37.54064178466797,0.,36.671363830566406,4.848674774169922,-0.21043682098388672,-0.2105705032518077,37.54064178466797,4.836853504180908,-0.20096278190612793,-0.24447692993550385,0.,0.,0.,0.
baseline,83,37.376338958740234,36.67471694946289,0.,37.391380310058594,4.886862277984619,-0.2335759401321411,-0.2343391150503682,36.67471694946289,4.832489967346191,-0.2079472541809082,-0.21577143413642896,0.,0.,0.,0.
baseline,84,38.15542984008789,39.082271575927734,0.,38.13785171508789,4.924893379211426,-0.2555999755859375,-0.2589813234276066,39.08226776123047,5.036771774291992,-0.21261608600616455,-0.2955820489018046,0.,0.,0.,0.
baseline,85,38.22006607055664,36.511173248291016,0.,38.18055725097656,4.9466633796691895,-0.26009249687194824,-0.26039093527436075,36.511173248291016,4.785580635070801,-0.20147418975830078,-0.21034985019204844,0.,0.,0.,0.
baseline,86,37.40011978149414,38.62255096435547,0.,37.426025390625,4.889714241027832,-0.23462581634521484,-0.2354829475667244,38.62255096435547,4.895887851715088,-0.1954129934310913,-0.28034226409769913,0.,0.,0.,0.
baseline,87,38.44292449951172,41.48069763183594,0.,38.50544738769531,4.935117721557617,-0.26526308059692383,-0.2711159584441716,41.48069381713867,5.213090896606445,-0.21330642700195312,-0.37509024037180905,0.,0.,0.,0.
baseline,88,39.26658248901367,36.357906341552734,0.,39.263702392578125,5.01323938369751,-0.29603636264801025,-0.2961469310902074,36.357906341552734,4.778494358062744,-0.19956159591674805,-0.20526907013207696,0.,0.,0.,0.
baseline,89,38.75754165649414,37.97099304199219,0.,38.80851364135742,4.97752571105957,-0.27956533432006836,-0.28112063061321035,37.97099304199219,4.85812520980835,-0.1941298246383667,-0.25874318689541775,0.,0.,0.,0.
baseline,90,36.920406341552734,36.4210319519043,0.,36.96928024291992,4.85527229309082,-0.2184370756149292,-0.22040521521988832,36.4210319519043,4.812197685241699,-0.202123761177063,-0.20736164123137413,0.,0.,0.,0.
baseline,91,36.58115005493164,36.706050872802734,0.,36.55826187133789,4.829774379730225,-0.20621800422668457,-0.20683696172472676,36.706050872802734,4.841860771179199,-0.2026149034500122,-0.21681022238523284,0.,0.,0.,0.
baseline,92,37.026798248291016,36.28876876831055,0.,36.959266662597656,4.858625888824463,-0.22006523609161377,-0.2200746699329339,36.28877258300781,4.772634506225586,-0.1965101957321167,-0.20297722064144197,0.,0.,0.,0.
baseline,93,36.25724411010742,36.187198638916016,0.,36.2580451965332,4.8144307136535645,-0.19676029682159424,-0.19692636442465883,36.187198638916016,4.770426273345947,-0.19642579555511475,-0.19961008777494027,0.,0.,0.,0.
baseline,94,36.36476516723633,36.428592681884766,0.,36.3818359375,4.817564964294434,-0.2010035514831543,-0.2010128299623679,36.428592681884766,4.776145935058594,-0.19434893131256104,-0.2076123738586988,0.,0.,0.,0.
baseline,95,36.66354751586914,36.43703079223633,0.,36.729522705078125,4.841679573059082,-0.21142315864562988,-0.2124903812050063,36.43703079223633,4.819060325622559,-0.19913780689239502,-0.207892034657589,0.,0.,0.,0.
baseline,96,36.301998138427734,36.08432388305664,0.,36.3133544921875,4.818965435028076,-0.19851040840148926,-0.19875206885942287,36.08432388305664,4.768011093139648,-0.19515228271484375,-0.19619982582544426,0.,0.,0.,0.
baseline,97,36.165096282958984,36.26092529296875,0.,36.15955352783203,4.806959629058838,-0.19321715831756592,-0.19367504525123969,36.26092529296875,4.801780700683594,-0.19713175296783447,-0.20205412875362594,0.,0.,0.,0.
baseline,98,36.451133728027344,36.5422248840332,0.,36.45751190185547,4.835263729095459,-0.2034456729888916,-0.20351101175664388,36.54222106933594,4.779078006744385,-0.19065308570861816,-0.2113791404834242,0.,0.,0.,0.
baseline,99,36.46506118774414,36.02770233154297,0.,36.49563217163086,4.8233442306518555,-0.20451509952545166,-0.2047693688069505,36.02770233154297,4.762424468994141,-0.19265997409820557,-0.19432277920259833,0.,0.,0.,0.
baseline,100,36.731624603271484,36.53631591796875,0.,36.690948486328125,4.832014560699463,-0.20981144905090332,-0.21121701165272255,36.536319732666016,4.832493782043457,-0.1963517665863037,-0.21118352626317094,0.,0.,0.,0.
baseline,101,36.38817596435547,37.86080551147461,0.,36.37886047363281,4.830026149749756,-0.20085346698760986,-0.20091466766843324,37.86080551147461,4.849647045135498,-0.18534338474273682,-0.25509038859641686,0.,0.,0.,0.
baseline,102,38.23940658569336,39.00682067871094,0.,38.291648864746094,4.948149681091309,-0.26405513286590576,-0.2640582353191552,39.00682067871094,4.916833400726318,-0.1829003095626831,-0.2930808994766625,0.,0.,0.,0.
baseline,103,37.03545379638672,36.03971481323242,0.,37.06675720214844,4.8659515380859375,-0.22235119342803955,-0.2236229778685419,36.039710998535156,4.756484031677246,-0.18908655643463135,-0.19472089211180332,0.,0.,0.,0.
baseline,104,36.650875091552734,36.03416061401367,0.,36.6242790222168,4.8320088386535645,-0.20825421810150146,-0.20901620046257174,36.03416061401367,4.7830376625061035,-0.19177711009979248,-0.19453690580871252,0.,0.,0.,0.
baseline,105,36.08753204345703,35.911006927490234,0.,36.08147430419922,4.803994655609131,-0.1907259225845337,-0.19109741682462533,35.9110107421875,4.754281997680664,-0.18844521045684814,-0.19045438737692422,0.,0.,0.,0.
baseline,106,36.166446685791016,36.024410247802734,0.,36.18423843383789,4.808021068572998,-0.193975567817688,-0.19448983010402365,36.024410247802734,4.784486293792725,-0.1905289888381958,-0.19421366674196494,0.,0.,0.,0.
baseline,107,36.30136489868164,38.10966491699219,0.,36.243343353271484,4.812565803527832,-0.1959240436553955,-0.19644099838201146,38.10966491699219,4.972353935241699,-0.19520294666290283,-0.2633402142706516,0.,0.,0.,0.
baseline,108,37.21967315673828,37.443206787109375,0.,37.13917541503906,4.864989757537842,-0.22587525844573975,-0.22601362604224318,37.443206787109375,4.918067932128906,-0.19351935386657715,-0.24124689449627268,0.,0.,0.,0.
baseline,109,38.066341400146484,36.11103057861328,0.,38.04691696166992,4.921780109405518,-0.2558199167251587,-0.2559792590550114,36.11103057861328,4.755368709564209,-0.18398261070251465,-0.19708516196810244,0.,0.,0.,0.
baseline,110,36.135292053222656,35.81105041503906,0.,36.19282913208008,4.821601390838623,-0.19477343559265137,-0.19477352250308444,35.81105041503906,4.747671127319336,-0.18515431880950928,-0.1871408484968511,0.,0.,0.,0.
baseline,111,35.97711181640625,35.80192184448242,0.,35.89109420776367,4.793131351470947,-0.1846853494644165,-0.18481282686482436,35.80192184448242,4.761236667633057,-0.18630921840667725,-0.18683812453075221,0.,0.,0.,0.
baseline,112,36.01270294189453,35.75574493408203,0.,36.01258087158203,4.798655033111572,-0.18851947784423828,-0.18882320372935846,35.75574493408203,4.753398418426514,-0.1853041648864746,-0.18530735441275437,0.,0.,0.,0.
baseline,113,36.69781494140625,37.58725357055664,0.,36.775001525878906,4.835623264312744,-0.21340060234069824,-0.21399171152237106,37.58725357055664,4.932428359985352,-0.19081592559814453,-0.24602219630251554,0.,0.,0.,0.
baseline,114,37.539710998535156,36.144630432128906,0.,37.51559066772461,4.88417387008667,-0.23832976818084717,-0.2384394326128434,36.144630432128906,4.803990364074707,-0.18656432628631592,-0.1981989230610144,0.,0.,0.,0.
baseline,115,36.33816909790039,38.34548568725586,0.,36.28606414794922,4.812241077423096,-0.1963818073272705,-0.1978512186994048,38.34548568725586,4.993697166442871,-0.19054841995239258,-0.27115755700403543,0.,0.,0.,0.
baseline,116,37.625980377197266,35.67259979248047,0.,37.59039306640625,4.896887302398682,-0.24088406562805176,-0.24090885572421383,35.67259979248047,4.748560428619385,-0.18252825736999512,-0.18255105792001536,0.,0.,0.,0.
baseline,117,38.59505844116211,35.64247131347656,0.,38.55284118652344,4.979831695556641,-0.27267491817474365,-0.2726804738067006,35.64247131347656,4.7418999671936035,-0.1812295913696289,-0.18155232723753145,0.,0.,0.,0.
baseline,118,37.178714752197266,35.63059997558594,0.,37.09973907470703,4.866277694702148,-0.22466576099395752,-0.22471180980490169,35.63059997558594,4.738672733306885,-0.18021821975708008,-0.18115875796253622,0.,0.,0.,0.
baseline,119,36.741024017333984,36.80443572998047,0.,36.72480773925781,4.851139545440674,-0.21209943294525146,-0.21233482769840473,36.80443572998047,4.788448333740234,-0.17481780052185059,-0.2200715474706969,0.,0.,0.,0.
baseline,120,36.064632415771484,36.07567596435547,0.,36.050018310546875,4.807083606719971,-0.1900554895401001,-0.19005913661829155,36.07567596435547,4.748651504516602,-0.17605745792388916,-0.19591307431275706,0.,0.,0.,0.
baseline,121,35.771827697753906,35.582298278808594,0.,35.73711013793945,4.7752838134765625,-0.17896461486816406,-0.17972958060261734,35.582298278808594,4.7329792976379395,-0.1779947280883789,-0.17955753159277021,0.,0.,0.,0.
baseline,122,35.59131622314453,35.582157135009766,0.,35.60475158691406,4.769556999206543,-0.17489945888519287,-0.17536018376103812,35.582157135009766,4.746793746948242,-0.1789381504058838,-0.17955290346710995,0.,0.,0.,0.
baseline,123,35.68796920776367,35.52019119262695,0.,35.697872161865234,4.779578685760498,-0.17837023735046387,-0.17843424972776578,35.52019119262695,4.733415603637695,-0.17712163925170898,-0.17749860685412133,0.,0.,0.,0.
baseline,124,35.77724838256836,38.19874954223633,0.,35.80104064941406,4.792378902435303,-0.18183517456054688,-0.18184007001878144,38.19874954223633,4.866891384124756,-0.1688598394393921,-0.26629321109023607,0.,0.,0.,0.
baseline,125,36.62504959106445,35.48080825805664,0.,36.63220977783203,4.839959621429443,-0.20845091342926025,-0.20927799861594587,35.48080825805664,4.733730316162109,-0.17617130279541016,-0.1761931173031659,0.,0.,0.,0.
baseline,126,35.46697998046875,35.503047943115234,0.,35.51598358154297,4.764218807220459,-0.17230308055877686,-0.17242982014580255,35.503047943115234,4.725548267364502,-0.17424428462982178,-0.17693048322793925,0.,0.,0.,0.
baseline,127,35.860721588134766,37.36998748779297,0.,35.79599380493164,4.789828300476074,-0.18161439895629883,-0.18167347726609262,37.36998748779297,4.818495273590088,-0.16817176342010498,-0.2388197202885729,0.,0.,0.,0.
baseline,128,36.49189376831055,35.94108963012695,0.,36.52967071533203,4.834959983825684,-0.20571982860565186,-0.2058929661116431,35.94108963012695,4.740011692047119,-0.17050635814666748,-0.1914515830703507,0.,0.,0.,0.
baseline,129,35.852622985839844,35.39801025390625,0.,35.79572677612305,4.789155006408691,-0.18155741691589355,-0.18166466022774608,35.39801025390625,4.727005958557129,-0.17327332496643066,-0.17344841576812708,0.,0.,0.,0.
baseline,130,35.96477508544922,36.28715515136719,0.,35.97780227661133,4.796571254730225,-0.1875523328781128,-0.18767508110285736,36.28715515136719,4.75771951675415,-0.1680968999862671,-0.20292365232064058,0.,0.,0.,0.
baseline,131,36.70772171020508,35.44675064086914,0.,36.6920280456543,4.838458061218262,-0.21048319339752197,-0.2112526968072317,35.446754455566406,4.719658851623535,-0.17059171199798584,-0.1750642065960899,0.,0.,0.,0.
baseline,132,35.61339569091797,35.68446731567383,0.,35.6204948425293,4.770196437835693,-0.17564928531646729,-0.1758799676380869,35.68446731567383,4.726594924926758,-0.1684880256652832,-0.1829445232083977,0.,0.,0.,0.
baseline,133,35.713226318359375,35.51271057128906,0.,35.74012756347656,4.7776641845703125,-0.17969965934753418,-0.17982929079436927,35.5127067565918,4.719334125518799,-0.16861557960510254,-0.17725070534421805,0.,0.,0.,0.
baseline,134,35.24543380737305,35.51265335083008,0.,35.29480743408203,4.752756595611572,-0.16506671905517578,-0.1651285767958608,35.51265335083008,4.718639850616455,-0.16801106929779053,-0.17724881462481168,0.,0.,0.,0.
baseline,135,35.65814971923828,36.544891357421875,0.,35.6427116394043,4.7755126953125,-0.17636466026306152,-0.17661338314888675,36.544891357421875,4.771083831787109,-0.16428852081298828,-0.21146761560375427,0.,0.,0.,0.
baseline,136,36.78795623779297,35.39595413208008,0.,36.73357009887695,4.851555824279785,-0.21174907684326172,-0.21262398146764894,35.395957946777344,4.741659641265869,-0.17060768604278564,-0.1733803642152667,0.,0.,0.,0.
baseline,137,35.35380935668945,35.595252990722656,0.,35.39527893066406,4.760571002960205,-0.1684333086013794,-0.16844528090052857,35.59525680541992,4.76446008682251,-0.17103731632232666,-0.17998710146425245,0.,0.,0.,0.
baseline,138,35.91419982910156,35.288719177246094,0.,35.85750961303711,4.789676189422607,-0.1836402416229248,-0.18370408362364476,35.288719177246094,4.710577487945557,-0.1662755012512207,-0.16982534166206964,0.,0.,0.,0.
baseline,139,35.27747344970703,35.3275032043457,0.,35.24794006347656,4.7454328536987305,-0.16347050666809082,-0.1635814312052304,35.32750701904297,4.709875106811523,-0.16514647006988525,-0.17111113415972468,0.,0.,0.,0.
baseline,140,36.054935455322266,36.88349533081055,0.,36.05536651611328,4.803952217102051,-0.19013440608978271,-0.1902355822815478,36.88349914550781,4.788761615753174,-0.16010785102844238,-0.22269255057974058,0.,0.,0.,0.
baseline,141,35.64944839477539,35.64504623413086,0.,35.67780303955078,4.77134370803833,-0.17752039432525635,-0.17777178941769,35.64504623413086,4.721619606018066,-0.16216301918029785,-0.1816376488675957,0.,0.,0.,0.
baseline,142,35.5080680847168,35.53340530395508,0.,35.529808044433594,4.763302803039551,-0.17217063903808594,-0.1728862524504755,35.53340530395508,4.716203689575195,-0.16204547882080078,-0.17793680020101466,0.,0.,0.,0.
baseline,143,35.807640075683594,37.35799789428711,0.,35.79961013793945,4.783881664276123,-0.18104326725006104,-0.1817928455891491,37.357994079589844,4.924535274505615,-0.17136919498443604,-0.23842217190981652,0.,0.,0.,0.
baseline,144,35.846336364746094,35.177520751953125,0.,35.85468292236328,4.792864799499512,-0.18342971801757812,-0.18361076994540282,35.177520751953125,4.702683448791504,-0.1625959873199463,-0.16613912848210965,0.,0.,0.,0.
baseline,145,35.072471618652344,35.62256622314453,0.,35.039615631103516,4.735228061676025,-0.15657079219818115,-0.1567043924344409,35.62256622314453,4.719465732574463,-0.15974295139312744,-0.18089247960901278,0.,0.,0.,0.
baseline,146,35.773197174072266,37.6957893371582,0.,35.80852127075195,4.776269435882568,-0.17985808849334717,-0.1820869283398301,37.6957893371582,4.951786041259766,-0.17013835906982422,-0.24962005468381965,0.,0.,0.,0.
baseline,147,36.41971206665039,35.083431243896484,0.,36.41066360473633,4.833571434020996,-0.20161652565002441,-0.20196451402839144,35.083431243896484,4.71209192276001,-0.16277539730072021,-0.16302010886406104,0.,0.,0.,0.
baseline,148,37.37480926513672,42.66268539428711,0.,37.375335693359375,4.892550945281982,-0.2337055206298828,-0.23380953612809074,42.662689208984375,5.144197463989258,-0.14889848232269287,-0.41427335175329905,0.,0.,0.,0.
baseline,149,13139.041015625,4081.296875,0.,13355.9990234375,62.2697868347168,-419.6526794433594,-439.89926069899076,4081.297119140625,63.64849853515625,-4.76837158203125e-07,-134.29549519429892,0.,0.,0.,0.
baseline,150,4072.258056640625,4081.04150390625,0.,4072.721923828125,63.58009719848633,-8.344650268554688e-07,-133.44596921495463,4081.041259765625,63.646488189697266,-4.76837158203125e-07,-134.28702776305042,0.,0.,0.,0.
baseline,151,4072.67822265625,4080.2919921875,0.,4072.229736328125,63.57623291015625,1.3828277587890625e-05,-133.42972314656762,4080.2919921875,63.64060592651367,5.960464477539063e-08,-134.26218323739744,0.,0.,0.,0.
baseline,152,4071.9921875,4079.309326171875,0.,4071.36962890625,63.56946563720703,7.748603820800781e-07,-133.40133270332157,4079.309326171875,63.63288497924805,5.960464477539063e-08,-134.2296075542336,0.,0.,0.,0.
baseline,153,4070.952880859375,4078.218994140625,0.,4070.3359375,63.56134033203125,1.7702579498291016e-05,-133.36720564217123,4078.21875,63.62431335449219,0.0,-134.1934635440865,0.,0.,0.,0.
baseline,154,4068.860107421875,4077.07958984375,0.,4069.2236328125,63.552581787109375,-2.6226043701171875e-06,-133.3304871190057,4077.079345703125,63.615352630615234,6.556510925292969e-07,-134.15569155479398,0.,0.,0.,0.
baseline,155,4067.88818359375,4075.92041015625,0.,4068.07568359375,63.543548583984375,-4.5299530029296875e-06,-133.29258805511347,4075.919921875,63.60624313354492,-4.76837158203125e-07,-134.11725628246523,0.,0.,0.,0.
baseline,156,4066.87548828125,4074.753662109375,0.,4066.9130859375,63.53440475463867,1.6093254089355469e-06,-133.25421736163867,4074.753662109375,63.59707260131836,-4.76837158203125e-07,-134.07858598094106,0.,0.,0.,0.
baseline,157,4065.547607421875,4073.585205078125,0.,4065.747802734375,63.52522659301758,-1.728534698486328e-05,-133.21574139959716,4073.58544921875,63.587886810302734,0.0,-134.039865139507,0.,0.,0.,0.
baseline,158,4064.865234375,4072.419921875,0.,4064.581787109375,63.51604461669922,-6.556510925292969e-06,-133.1772415863405,4072.419921875,63.5787239074707,-4.76837158203125e-07,-134.00122983607451,0.,0.,0.,0.
baseline,159,4063.6171875,4071.258056640625,0.,4063.41845703125,63.506893157958984,-1.2159347534179688e-05,-133.13885645508412,4071.258056640625,63.569583892822266,-4.76837158203125e-07,-133.96270483881452,0.,0.,0.,0.
baseline,160,4062.550048828125,4070.099853515625,0.,4062.2587890625,63.49776840209961,1.0132789611816406e-05,-133.10056682876268,4070.099609375,63.56047439575195,-4.76837158203125e-07,-133.9243139662849,0.,0.,0.,0.
baseline,161,4060.2890625,4068.9453125,0.,4061.104248046875,63.488670349121094,-1.621246337890625e-05,-133.06245540293003,4068.9453125,63.551395416259766,7.152557373046875e-07,-133.88604186281324,0.,0.,0.,0.
baseline,162,4060.86279296875,4067.7958984375,0.,4059.95263671875,63.4796028137207,1.7881393432617188e-06,-133.02443570466139,4067.7958984375,63.54235076904297,-4.76837158203125e-07,-133.84793433912924,0.,0.,0.,0.
baseline,163,4058.70751953125,4066.64990234375,0.,4058.8056640625,63.4705696105957,-2.0265579223632812e-06,-132.98658236406465,4066.64990234375,63.53333282470703,0.0,-133.80995413641492,0.,0.,0.,0.
baseline,164,4056.993408203125,4065.508056640625,0.,4057.6630859375,63.46156311035156,-1.1563301086425781e-05,-132.94886532321587,4065.50830078125,63.52434539794922,0.0,-133.77209910455244,0.,0.,0.,0.
baseline,165,4054.97216796875,4064.37060546875,0.,4056.52490234375,63.45259475708008,-1.8596649169921875e-05,-132.9112833449425,4064.37060546875,63.51539611816406,4.76837158203125e-07,-133.7343865227199,0.,0.,0.,0.
baseline,166,4055.044189453125,4063.2373046875,0.,4055.3896484375,63.44365310668945,4.112720489501953e-06,-132.8738094711577,4063.2373046875,63.5064697265625,0.0,-133.6968231164428,0.,0.,0.,0.
baseline,167,4054.44482421875,4062.10791015625,0.,4054.259033203125,63.43474197387695,-1.3113021850585938e-06,-132.83649334990093,4062.10791015625,63.49757766723633,7.152557373046875e-07,-133.65937810693225,0.,0.,0.,0.
baseline,168,4052.994384765625,4060.98193359375,0.,4053.132568359375,63.42586135864258,-6.318092346191406e-06,-132.79930330770307,4060.98193359375,63.488712310791016,7.152557373046875e-07,-133.62205842204608,0.,0.,0.,0.
baseline,169,4052.58154296875,4059.85986328125,0.,4052.009521484375,63.41700744628906,-1.1920928955078125e-06,-132.76222446689897,4059.8603515625,63.47987365722656,0.0,-133.58486396196702,0.,0.,0.,0.
baseline,170,4051.269287109375,4058.74169921875,0.,4050.8896484375,63.40818405151367,1.7821788787841797e-05,-132.7252613503131,4058.741455078125,63.47106170654297,6.556510925292969e-07,-133.5477877934417,0.,0.,0.,0.
baseline,171,4050.173095703125,4057.626953125,0.,4049.77392578125,63.39938735961914,1.7464160919189453e-05,-132.6884347501777,4057.626708984375,63.4622802734375,0.0,-133.51082854870384,0.,0.,0.,0.
baseline,172,4048.65185546875,4056.515380859375,0.,4048.662353515625,63.39060974121094,9.000301361083984e-06,-132.65172144492504,4056.515380859375,63.45352554321289,7.152557373046875e-07,-133.47398720164617,0.,0.,0.,0.
baseline,173,4047.860107421875,4055.4072265625,0.,4047.553466796875,63.381866455078125,-2.384185791015625e-07,-132.61512391650655,4055.4072265625,63.44478988647461,-4.76837158203125e-07,-133.43725419948655,0.,0.,0.,0.
baseline,174,4046.12890625,4054.302734375,0.,4046.447509765625,63.37314224243164,-1.1920928955078125e-07,-132.5786218897572,4054.30224609375,63.43608474731445,7.152557373046875e-07,-133.40062425730542,0.,0.,0.,0.
baseline,175,4045.873046875,4053.201171875,0.,4045.34521484375,63.364444732666016,1.5735626220703125e-05,-132.54222787517915,4053.201416015625,63.42740249633789,-4.76837158203125e-07,-133.36412589856104,0.,0.,0.,0.
baseline,176,4043.73583984375,4052.10302734375,0.,4044.2470703125,63.355777740478516,-9.775161743164062e-06,-132.50597736985443,4052.10302734375,63.41874313354492,-4.76837158203125e-07,-133.32771353643815,0.,0.,0.,0.
baseline,177,4043.131591796875,4051.008056640625,0.,4043.1513671875,63.34712600708008,-6.4373016357421875e-06,-132.46979836183107,4051.008056640625,63.41011428833008,5.960464477539063e-08,-133.2914109490282,0.,0.,0.,0.
baseline,178,4042.50341796875,4049.916015625,0.,4042.058349609375,63.3385009765625,9.953975677490234e-06,-132.43371737346578,4049.916015625,63.4015007019043,7.152557373046875e-07,-133.25520943604246,0.,0.,0.,0.
baseline,179,4040.86767578125,4048.827392578125,0.,4040.96875,63.32990264892578,1.1920928955078125e-06,-132.3977589191717,4048.826904296875,63.39291763305664,-4.76837158203125e-07,-133.21911565286462,0.,0.,0.,0.
baseline,180,4039.81591796875,4047.74072265625,0.,4039.88232421875,63.321319580078125,-3.0994415283203125e-06,-132.36189071757016,4047.740966796875,63.384342193603516,-4.76837158203125e-07,-133.18310789598365,0.,0.,0.,0.
baseline,181,4038.462646484375,4046.657958984375,0.,4038.798828125,63.31276321411133,-2.5033950805664062e-06,-132.32611794510308,4046.657958984375,63.37580108642578,0.0,-133.14720966562135,0.,0.,0.,0.
baseline,182,4036.8359375,4045.57763671875,0.,4037.71826171875,63.30423355102539,-7.033348083496094e-06,-132.29044866869594,4045.577392578125,63.36727523803711,-4.76837158203125e-07,-133.1113953546023,0.,0.,0.,0.
baseline,183,4035.71484375,4044.5,0.,4036.639892578125,63.29571533203125,-4.291534423828125e-06,-132.25486408161817,4044.5,63.35877227783203,6.556510925292969e-07,-133.0756755813254,0.,0.,0.,0.
baseline,184,4034.91748046875,4043.425048828125,0.,4035.565673828125,63.28722381591797,-2.086162567138672e-05,-132.21938405789606,4043.425048828125,63.35029220581055,7.152557373046875e-07,-133.04003959250358,0.,0.,0.,0.
baseline,185,4035.00244140625,4042.35400390625,0.,4034.4921875,63.278751373291016,5.662441253662109e-06,-132.1839598715717,4042.35400390625,63.341835021972656,0.0,-133.00452827274944,0.,0.,0.,0.
baseline,186,4032.945556640625,4041.283935546875,0.,4033.423095703125,63.270294189453125,-1.5497207641601562e-06,-132.14866303634182,4041.283935546875,63.33338928222656,6.556510925292969e-07,-132.96907062500915,0.,0.,0.,0.
baseline,187,4031.424560546875,4040.217041015625,0.,4032.356201171875,63.26185989379883,-2.586841583251953e-05,-132.11345429686148,4040.217041015625,63.3249626159668,0.0,-132.9336965674849,0.,0.,0.,0.
baseline,188,4030.93017578125,4039.1533203125,0.,4031.29150390625,63.25344467163086,-1.1801719665527344e-05,-132.07829577669688,4039.1533203125,63.316566467285156,0.0,-132.8984321066212,0.,0.,0.,0.
baseline,189,4031.267333984375,4038.092041015625,0.,4030.229248046875,63.245052337646484,2.110004425048828e-05,-132.04322035132012,4038.092041015625,63.308189392089844,4.76837158203125e-07,-132.8632447937132,0.,0.,0.,0.
baseline,190,4029.376953125,4037.03271484375,0.,4029.170166015625,63.23667907714844,3.0994415283203125e-06,-132.00826667134407,4037.032958984375,63.29982376098633,5.960464477539063e-08,-132.82814099548384,0.,0.,0.,0.
baseline,191,4028.334716796875,4035.97607421875,0.,4028.11279296875,63.22832107543945,1.0907649993896484e-05,-131.9733662605936,4035.976318359375,63.29146957397461,-4.76837158203125e-07,-132.79310599832854,0.,0.,0.,0.
baseline,192,4027.092041015625,4034.92138671875,0.,4027.058349609375,63.2199821472168,-5.602836608886719e-06,-131.9385572009177,4034.92138671875,63.28313446044922,-4.76837158203125e-07,-132.75814807898712,0.,0.,0.,0.
baseline,193,4025.194091796875,4033.869384765625,0.,4026.006103515625,63.21165466308594,-1.1920928955078125e-06,-131.90381500323278,4033.869384765625,63.27482986450195,5.960464477539063e-08,-132.7232675719823,0.,0.,0.,0.
baseline,194,4024.923095703125,4032.8193359375,0.,4024.9560546875,63.20335388183594,1.3113021850585938e-06,-131.869151216669,4032.819580078125,63.26653289794922,-4.76837158203125e-07,-132.6884702802043,0.,0.,0.,0.
baseline,195,4024.34765625,4031.772216796875,0.,4023.90771484375,63.19506072998047,1.2516975402832031e-05,-131.83455580841607,4031.77197265625,63.25825500488281,-4.76837158203125e-07,-132.6537502604792,0.,0.,0.,0.
baseline,196,4023.47998046875,4030.7265625,0.,4022.86279296875,63.18678665161133,-8.344650268554688e-07,-131.80006006394024,4030.7265625,63.2499885559082,7.152557373046875e-07,-132.6190839505366,0.,0.,0.,0.
baseline,197,4021.43701171875,4029.683349609375,0.,4021.820068359375,63.17852783203125,-2.205371856689453e-05,-131.76562938420767,4029.683349609375,63.24174118041992,5.960464477539063e-08,-132.58449222027843,0.,0.,0.,0.
baseline,198,4020.912109375,4028.642578125,0.,4020.77783203125,63.170291900634766,1.436471939086914e-05,-131.73122703098767,4028.642578125,63.2335090637207,-4.76837158203125e-07,-132.55000113550003,0.,0.,0.,0.
baseline,199,4019.551513671875,4027.60400390625,0.,4019.7392578125,63.162071228027344,1.3709068298339844e-05,-131.69693738627055,4027.603759765625,63.22529220581055,0.0,-132.51556357166064,0.,0.,0.,0.
baseline,200,4018.237060546875,4026.566650390625,0.,4018.702392578125,63.15386199951172,1.0132789611816406e-06,-131.66271992390432,4026.566650390625,63.21709442138672,0.0,-132.48118596832285,0.,0.,0.,0.
